系列,模型,任务,方法,任务类型,状态,执行机器,run_name,accuracy,precision,recall,f1,strict_f1,tolerant_f1,contract_hit,candidate_recall,avg_candidates_per_contract,multi_label_examples,multi_label_hit_accuracy,multi_label_precision,multi_label_recall,multi_label_f1,train_examples,val_examples,test_examples,runtime_minutes,完成时间,本地summary,predictions_file,multi_label_predictions_file,best_checkpoint,来源,补齐阶段说明,数据版本说明,补齐前6组标记,可用于补齐前后对比,本地metrics路径,macro_precision,macro_recall,macro_f1,strict_precision,strict_recall,tolerant_precision,tolerant_recall
StarCoder2,bigcode/starcoder2-15b,has_vul,direct,has,completed,C_autodl_rtxpro6000x8,autodl_starcoder2_15b_e1__has_vul__direct,0.5116377486246297,0.7121212121212122,0.07768595041322314,0.14008941877794337,,,,,,,,,,,,,2363,68.32972696666667,46157.67322931713,C_autodl_rtxpro6000x8\experiments\runs\autodl_starcoder2_15b_e1\matrix_summary.json,/root/autodl-tmp/blockchain-vuln/project/experiments/runs/autodl_starcoder2_15b_e1__has_vul__direct/_root_autodl-tmp_hf_cache_worker_7_local_modelscope_starcoder2-15b/has_vul__direct/predictions.jsonl,,,matrix_summary,,,,,,,,,,,,
StarCoder2,bigcode/starcoder2-15b,has_vul,prompt,has,completed,C_autodl_rtxpro6000x8,autodl_starcoder2_15b_e1__has_vul__prompt,0.5454930173508252,0.7411347517730497,0.17272727272727273,0.2801608579088472,,,,,,,,,,,,,2363,68.89333905,46157.72107195602,C_autodl_rtxpro6000x8\experiments\runs\autodl_starcoder2_15b_e1\matrix_summary.json,/root/autodl-tmp/blockchain-vuln/project/experiments/runs/autodl_starcoder2_15b_e1__has_vul__prompt/_root_autodl-tmp_hf_cache_worker_7_local_modelscope_starcoder2-15b/has_vul__prompt/predictions.jsonl,,,matrix_summary,,,,,,,,,,,,
StarCoder2,bigcode/starcoder2-15b,has_vul,qlora,has,completed,C_autodl_rtxpro6000x8,autodl_starcoder2_15b_e1__has_vul__qlora,0.7261955141768938,0.6745195288282703,0.8991735537190083,0.7708111937654977,,,,,,,,,,,17411,4667,2363,137.23648643333334,46157.81637511574,C_autodl_rtxpro6000x8\experiments\runs\autodl_starcoder2_15b_e1\matrix_summary.json,,,/root/autodl-tmp/blockchain-vuln/project/experiments/runs/autodl_starcoder2_15b_e1__has_vul__qlora/_root_autodl-tmp_hf_cache_worker_7_local_modelscope_starcoder2-15b/has_vul__finetune/checkpoints/checkpoint-2177,matrix_summary,,,,,,,,,,,,
StarCoder2,bigcode/starcoder2-3b,has_vul,direct,has,completed,C_autodl_rtxpro6000x8,autodl_starcoder2_3b_e1__has_vul__direct,0.4879390605162928,0.5,0.019834710743801654,0.03815580286168521,,,,,,,,,,,,,2363,23.165929533333333,46160.01891620371,C_autodl_rtxpro6000x8\experiments\runs\autodl_starcoder2_3b_e1\matrix_summary.json,/root/autodl-tmp/blockchain-vuln/project/experiments/runs/autodl_starcoder2_3b_e1__has_vul__direct/_root_autodl-tmp_hf_cache_worker_2_local_modelscope_starcoder2-3b/has_vul__direct/predictions.jsonl,,,matrix_summary,,,,,,,,,,,,
StarCoder2,bigcode/starcoder2-3b,has_vul,full,has,completed,C_autodl_rtxpro6000x8,autodl_starcoder2_3b_e1__has_vul__full,0.8489208633093526,0.8667239896818573,0.8330578512396695,0.8495575221238938,,,,,,,,,,,17411,4667,2363,68.87350046666667,46160.08318033565,C_autodl_rtxpro6000x8\experiments\runs\autodl_starcoder2_3b_e1\matrix_summary.json,,,/root/autodl-tmp/blockchain-vuln/project/experiments/runs/autodl_starcoder2_3b_e1__has_vul__full/_root_autodl-tmp_hf_cache_worker_2_local_modelscope_starcoder2-3b/has_vul__finetune/checkpoints/checkpoint-2177,matrix_summary,,,,,,,,,,,,
StarCoder2,bigcode/starcoder2-3b,has_vul,prompt,has,completed,C_autodl_rtxpro6000x8,autodl_starcoder2_3b_e1__has_vul__prompt,0.49259415996614475,0.5478260869565217,0.05206611570247934,0.09509433962264151,,,,,,,,,,,,,2363,23.66673743333333,46160.03535148148,C_autodl_rtxpro6000x8\experiments\runs\autodl_starcoder2_3b_e1\matrix_summary.json,/root/autodl-tmp/blockchain-vuln/project/experiments/runs/autodl_starcoder2_3b_e1__has_vul__prompt/_root_autodl-tmp_hf_cache_worker_2_local_modelscope_starcoder2-3b/has_vul__prompt/predictions.jsonl,,,matrix_summary,,,,,,,,,,,,
StarCoder2,bigcode/starcoder2-3b,has_vul,qlora,has,completed,C_autodl_rtxpro6000x8,autodl_starcoder2_3b_e1__has_vul__qlora,0.6906474820143885,0.6846569005397071,0.7338842975206612,0.7084164339848424,,,,,,,,,,,17411,4667,2363,35.51634743333333,46160.10784451389,C_autodl_rtxpro6000x8\experiments\runs\autodl_starcoder2_3b_e1\matrix_summary.json,,,/root/autodl-tmp/blockchain-vuln/project/experiments/runs/autodl_starcoder2_3b_e1__has_vul__qlora/_root_autodl-tmp_hf_cache_worker_2_local_modelscope_starcoder2-3b/has_vul__finetune/checkpoints/checkpoint-2177,matrix_summary,,,,,,,,,,,,
StarCoder2,bigcode/starcoder2-7b,has_vul,direct,has,completed,C_autodl_rtxpro6000x8,autodl_starcoder2_7b_e1__has_vul__direct,0.4777824798984342,0.39285714285714285,0.03636363636363636,0.06656580937972768,,,,,,,,,,,,,2363,35.186299266666666,46157.40391070602,C_autodl_rtxpro6000x8\experiments\runs\autodl_starcoder2_7b_e1\matrix_summary.json,/root/autodl-tmp/blockchain-vuln/project/experiments/runs/autodl_starcoder2_7b_e1__has_vul__direct/_root_autodl-tmp_hf_cache_worker_5_local_modelscope_starcoder2-7b/has_vul__direct/predictions.jsonl,,,matrix_summary,,,,,,,,,,,,
StarCoder2,bigcode/starcoder2-7b,has_vul,prompt,has,completed,C_autodl_rtxpro6000x8,autodl_starcoder2_7b_e1__has_vul__prompt,0.4807448159119763,0.44516129032258067,0.05702479338842975,0.1010989010989011,,,,,,,,,,,,,2363,35.619878533333335,46157.42864677083,C_autodl_rtxpro6000x8\experiments\runs\autodl_starcoder2_7b_e1\matrix_summary.json,/root/autodl-tmp/blockchain-vuln/project/experiments/runs/autodl_starcoder2_7b_e1__has_vul__prompt/_root_autodl-tmp_hf_cache_worker_5_local_modelscope_starcoder2-7b/has_vul__prompt/predictions.jsonl,,,matrix_summary,,,,,,,,,,,,
StarCoder2,bigcode/starcoder2-7b,has_vul,qlora,has,completed,C_autodl_rtxpro6000x8,autodl_starcoder2_7b_e1__has_vul__qlora,0.7490478205670758,0.7502027575020276,0.7644628099173554,0.7572656569791241,,,,,,,,,,,17411,4667,2363,70.03391945,46157.47728146991,C_autodl_rtxpro6000x8\experiments\runs\autodl_starcoder2_7b_e1\matrix_summary.json,,,/root/autodl-tmp/blockchain-vuln/project/experiments/runs/autodl_starcoder2_7b_e1__has_vul__qlora/_root_autodl-tmp_hf_cache_worker_5_local_modelscope_starcoder2-7b/has_vul__finetune/checkpoints/checkpoint-2177,matrix_summary,,,,,,,,,,,,
CodeLlama,codellama/CodeLlama-13b-hf,has_vul,direct,has,completed,C_autodl_rtxpro6000x8,autodl_codellama_13b_e1__has_vul__direct,0.5124841303427846,0.8372093023255814,0.05950413223140496,0.1111111111111111,,,,,,,,,,,,,2363,62.158405,46157.66195961805,C_autodl_rtxpro6000x8\experiments\runs\autodl_codellama_13b_e1\matrix_summary.json,/root/autodl-tmp/blockchain-vuln/project/experiments/runs/autodl_codellama_13b_e1__has_vul__direct/_root_autodl-tmp_hf_cache_worker_6_local_modelscope_CodeLlama-13b-hf/has_vul__direct/predictions.jsonl,,,matrix_summary,,,,,,,,,,,,
CodeLlama,codellama/CodeLlama-13b-hf,has_vul,prompt,has,completed,C_autodl_rtxpro6000x8,autodl_codellama_13b_e1__has_vul__prompt,0.543377063055438,0.7835497835497836,0.14958677685950414,0.2512144344205413,,,,,,,,,,,,,2363,62.7002053,46157.70550145833,C_autodl_rtxpro6000x8\experiments\runs\autodl_codellama_13b_e1\matrix_summary.json,/root/autodl-tmp/blockchain-vuln/project/experiments/runs/autodl_codellama_13b_e1__has_vul__prompt/_root_autodl-tmp_hf_cache_worker_6_local_modelscope_CodeLlama-13b-hf/has_vul__prompt/predictions.jsonl,,,matrix_summary,,,,,,,,,,,,
CodeLlama,codellama/CodeLlama-13b-hf,has_vul,qlora,has,completed,C_autodl_rtxpro6000x8,autodl_codellama_13b_e1__has_vul__qlora,0.770207363520948,0.7735849056603774,0.7793388429752066,0.7764512144915603,,,,,,,,,,,17411,4667,2363,118.18374656666667,46157.78757353009,C_autodl_rtxpro6000x8\experiments\runs\autodl_codellama_13b_e1\matrix_summary.json,,,/root/autodl-tmp/blockchain-vuln/project/experiments/runs/autodl_codellama_13b_e1__has_vul__qlora/_root_autodl-tmp_hf_cache_worker_6_local_modelscope_CodeLlama-13b-hf/has_vul__finetune/checkpoints/checkpoint-2177,matrix_summary,,,,,,,,,,,,
CodeLlama,codellama/CodeLlama-34b-hf,has_vul,direct,has,completed,C_autodl_rtxpro6000x8,autodl_codellama34b_e1_gpu2_has_vul_vul_type__has_vul__direct,0.5095217943292425,0.6378378378378379,0.09752066115702479,0.16917562724014337,,,,,,,,,,,,,2363,122.45621898333334,46162.19523142361,C_autodl_rtxpro6000x8\experiments\runs\autodl_codellama34b_e1_gpu2_has_vul_vul_type\matrix_summary.json,/root/autodl-tmp/blockchain-vuln/project/experiments/runs/autodl_codellama34b_e1_gpu2_has_vul_vul_type__has_vul__direct/_root_autodl-tmp_hf_cache_shared_codellama34b_safetensors_AI-ModelScope_CodeLlama-34b-hf/has_vul__direct/predictions.jsonl,,,matrix_summary,,,,,,,,,,,,
CodeLlama,codellama/CodeLlama-34b-hf,has_vul,prompt,has,completed,C_autodl_rtxpro6000x8,autodl_codellama34b_e1_gpu2_has_vul_vul_type__has_vul__prompt,0.5069826491747779,0.6142131979695431,0.1,0.17199715707178392,,,,,,,,,,,,,2363,132.46207168333333,46162.2872190162,C_autodl_rtxpro6000x8\experiments\runs\autodl_codellama34b_e1_gpu2_has_vul_vul_type\matrix_summary.json,/root/autodl-tmp/blockchain-vuln/project/experiments/runs/autodl_codellama34b_e1_gpu2_has_vul_vul_type__has_vul__prompt/_root_autodl-tmp_hf_cache_shared_codellama34b_safetensors_AI-ModelScope_CodeLlama-34b-hf/has_vul__prompt/predictions.jsonl,,,matrix_summary,,,,,,,,,,,,
CodeLlama,codellama/CodeLlama-34b-hf,has_vul,qlora,has,completed,C_autodl_rtxpro6000x8,autodl_codellama34b_e1_gpu2_has_vul_vul_type__has_vul__qlora,0.7790943715615742,0.7756410256410257,0.8,0.7876322213181448,,,,,,,,,,,17411,4667,2363,289.2316432,46162.48807435185,C_autodl_rtxpro6000x8\experiments\runs\autodl_codellama34b_e1_gpu2_has_vul_vul_type\matrix_summary.json,,,/root/autodl-tmp/blockchain-vuln/project/experiments/runs/autodl_codellama34b_e1_gpu2_has_vul_vul_type__has_vul__qlora/_root_autodl-tmp_hf_cache_shared_codellama34b_safetensors_AI-ModelScope_CodeLlama-34b-hf/has_vul__finetune/checkpoints/checkpoint-2177,matrix_summary,,,,,,,,,,,,
CodeLlama,codellama/CodeLlama-7b-hf,has_vul,direct,has,completed,C_autodl_rtxpro6000x8,autodl_codellama_7b_e1_gpu4_retry__has_vul__direct,0.524333474396953,0.6972477064220184,0.1256198347107438,0.21288515406162464,,,,,,,,,,,,,2363,36.41271895,46161.37966796296,C_autodl_rtxpro6000x8\experiments\runs\autodl_codellama_7b_e1_gpu4_retry\matrix_summary.json,/root/autodl-tmp/blockchain-vuln/project/experiments/runs/autodl_codellama_7b_e1_gpu4_retry__has_vul__direct/_root_autodl-tmp_hf_cache_worker_4_modelscope_safetensors_AI-ModelScope_CodeLlama-7b-hf/has_vul__direct/predictions.jsonl,,,matrix_summary,,,,,,,,,,,,
CodeLlama,codellama/CodeLlama-7b-hf,has_vul,prompt,has,completed,C_autodl_rtxpro6000x8,autodl_codellama_7b_e1_gpu4_retry__has_vul__prompt,0.5289885738468049,0.6750902527075813,0.15454545454545454,0.25151311365164764,,,,,,,,,,,,,2363,36.95990473333333,46161.40533459491,C_autodl_rtxpro6000x8\experiments\runs\autodl_codellama_7b_e1_gpu4_retry\matrix_summary.json,/root/autodl-tmp/blockchain-vuln/project/experiments/runs/autodl_codellama_7b_e1_gpu4_retry__has_vul__prompt/_root_autodl-tmp_hf_cache_worker_4_modelscope_safetensors_AI-ModelScope_CodeLlama-7b-hf/has_vul__prompt/predictions.jsonl,,,matrix_summary,,,,,,,,,,,,
CodeLlama,codellama/CodeLlama-7b-hf,has_vul,qlora,has,completed,C_autodl_rtxpro6000x8,autodl_codellama_7b_e1_gpu4_retry__has_vul__qlora,0.7761320355480321,0.7902813299232737,0.7661157024793388,0.7780109106168694,,,,,,,,,,,17411,4667,2363,68.02437983333333,46161.45257378472,C_autodl_rtxpro6000x8\experiments\runs\autodl_codellama_7b_e1_gpu4_retry\matrix_summary.json,,,/root/autodl-tmp/blockchain-vuln/project/experiments/runs/autodl_codellama_7b_e1_gpu4_retry__has_vul__qlora/_root_autodl-tmp_hf_cache_worker_4_modelscope_safetensors_AI-ModelScope_CodeLlama-7b-hf/has_vul__finetune/checkpoints/checkpoint-2177,matrix_summary,,,,,,,,,,,,
DeepSeek-Coder,deepseek-ai/deepseek-coder-1.3b-base,has_vul,direct,has,completed,A_8.130.211.198,machine_a_deepseekcoder13b_e1__has_vul__direct,0.49386373254337707,0.5636363636363636,0.0512396694214876,0.09393939393939393,,,,,,,,,,,,,2363,32.61297653333333,46158.69812896991,A_8.130.211.198\experiments\runs\machine_a_deepseekcoder13b_e1\matrix_summary.json,/root/blockchain-vuln/project/experiments/runs/machine_a_deepseekcoder13b_e1__has_vul__direct/deepseek-ai_deepseek-coder-1.3b-base/has_vul__direct/predictions.jsonl,,,matrix_summary,,,,,,,,,,,,
DeepSeek-Coder,deepseek-ai/deepseek-coder-1.3b-base,has_vul,full,has,completed,A_8.130.211.198,machine_a_deepseekcoder13b_e1__has_vul__full,0.8654253068133728,0.8898601398601399,0.8413223140495868,0.864910790144435,,,,,,,,,,,17411,4667,2363,55.49195581666667,46158.75433701389,A_8.130.211.198\experiments\runs\machine_a_deepseekcoder13b_e1\matrix_summary.json,,,/root/blockchain-vuln/project/experiments/runs/machine_a_deepseekcoder13b_e1__has_vul__full/deepseek-ai_deepseek-coder-1.3b-base/has_vul__finetune/checkpoints/checkpoint-2177,matrix_summary,,,,,,,,,,,,
DeepSeek-Coder,deepseek-ai/deepseek-coder-1.3b-base,has_vul,prompt,has,completed,A_8.130.211.198,machine_a_deepseekcoder13b_e1__has_vul__prompt,0.4917477782479898,0.5323741007194245,0.06115702479338843,0.10971089696071164,,,,,,,,,,,,,2363,25.447581366666668,46158.71580091435,A_8.130.211.198\experiments\runs\machine_a_deepseekcoder13b_e1\matrix_summary.json,/root/blockchain-vuln/project/experiments/runs/machine_a_deepseekcoder13b_e1__has_vul__prompt/deepseek-ai_deepseek-coder-1.3b-base/has_vul__prompt/predictions.jsonl,,,matrix_summary,,,,,,,,,,,,
DeepSeek-Coder,deepseek-ai/deepseek-coder-1.3b-base,has_vul,qlora,has,completed,A_8.130.211.198,machine_a_deepseekcoder13b_e1__has_vul__qlora,0.796022005924672,0.7949756888168558,0.8107438016528926,0.8027823240589198,,,,,,,,,,,17411,4667,2363,40.358495149999996,46158.78236376157,A_8.130.211.198\experiments\runs\machine_a_deepseekcoder13b_e1\matrix_summary.json,,,/root/blockchain-vuln/project/experiments/runs/machine_a_deepseekcoder13b_e1__has_vul__qlora/deepseek-ai_deepseek-coder-1.3b-base/has_vul__finetune/checkpoints/checkpoint-2177,matrix_summary,,,,,,,,,,,,
DeepSeek-Coder,deepseek-ai/deepseek-coder-33b-base,has_vul,direct,has,completed,C_autodl_rtxpro6000x8,autodl_deepseekcoder33b_e1__has_vul__direct,0.4955564959796868,0.618421052631579,0.03884297520661157,0.07309486780715396,,,,,,,,,,,,,2363,137.72233321666667,46159.73311877315,C_autodl_rtxpro6000x8\experiments\runs\autodl_deepseekcoder33b_e1\matrix_summary.json,/root/autodl-tmp/blockchain-vuln/project/experiments/runs/autodl_deepseekcoder33b_e1__has_vul__direct/_root_autodl-tmp_hf_cache_worker_0_local_modelscope_deepseek-coder-33b-base/has_vul__direct/predictions.jsonl,,,matrix_summary,,,,,,,,,,,,
DeepSeek-Coder,deepseek-ai/deepseek-coder-33b-base,has_vul,prompt,has,completed,C_autodl_rtxpro6000x8,autodl_deepseekcoder33b_e1__has_vul__prompt,0.5019043588658485,0.5891891891891892,0.09008264462809917,0.15627240143369175,,,,,,,,,,,,,2363,138.2685435,46159.82913861111,C_autodl_rtxpro6000x8\experiments\runs\autodl_deepseekcoder33b_e1\matrix_summary.json,/root/autodl-tmp/blockchain-vuln/project/experiments/runs/autodl_deepseekcoder33b_e1__has_vul__prompt/_root_autodl-tmp_hf_cache_worker_0_local_modelscope_deepseek-coder-33b-base/has_vul__prompt/predictions.jsonl,,,matrix_summary,,,,,,,,,,,,
DeepSeek-Coder,deepseek-ai/deepseek-coder-33b-base,has_vul,qlora,has,completed,C_autodl_rtxpro6000x8,autodl_deepseekcoder33b_e1__has_vul__qlora,0.4879390605162928,0,0,0,,,,,,,,,,,17411,4667,2363,300.36012955,46160.03772207176,C_autodl_rtxpro6000x8\experiments\runs\autodl_deepseekcoder33b_e1\matrix_summary.json,,,/root/autodl-tmp/blockchain-vuln/project/experiments/runs/autodl_deepseekcoder33b_e1__has_vul__qlora/_root_autodl-tmp_hf_cache_worker_0_local_modelscope_deepseek-coder-33b-base/has_vul__finetune/checkpoints/checkpoint-2177,matrix_summary,,,,,,,,,,,,
DeepSeek-Coder,deepseek-ai/deepseek-coder-6.7b-base,has_vul,direct,has,completed,C_autodl_rtxpro6000x8,autodl_deepseekcoder67b_e1__has_vul__direct,0.49640287769784175,0.6388888888888888,0.03801652892561983,0.0717628705148206,,,,,,,,,,,,,2363,36.679491033333335,46157.41495012731,C_autodl_rtxpro6000x8\experiments\runs\autodl_deepseekcoder67b_e1\matrix_summary.json,/root/autodl-tmp/blockchain-vuln/project/experiments/runs/autodl_deepseekcoder67b_e1__has_vul__direct/_root_autodl-tmp_hf_cache_worker_1_local_modelscope_deepseek-coder-6___7b-base/has_vul__direct/predictions.jsonl,,,matrix_summary,,,,,,,,,,,,
DeepSeek-Coder,deepseek-ai/deepseek-coder-6.7b-base,has_vul,prompt,has,completed,C_autodl_rtxpro6000x8,autodl_deepseekcoder67b_e1__has_vul__prompt,0.4993652137113838,0.593103448275862,0.07107438016528926,0.12693726937269373,,,,,,,,,,,,,2363,36.933010800000005,46157.44059809028,C_autodl_rtxpro6000x8\experiments\runs\autodl_deepseekcoder67b_e1\matrix_summary.json,/root/autodl-tmp/blockchain-vuln/project/experiments/runs/autodl_deepseekcoder67b_e1__has_vul__prompt/_root_autodl-tmp_hf_cache_worker_1_local_modelscope_deepseek-coder-6___7b-base/has_vul__prompt/predictions.jsonl,,,matrix_summary,,,,,,,,,,,,
DeepSeek-Coder,deepseek-ai/deepseek-coder-6.7b-base,has_vul,qlora,has,completed,C_autodl_rtxpro6000x8,autodl_deepseekcoder67b_e1__has_vul__qlora,0.8256453660600931,0.838135593220339,0.8173553719008264,0.8276150627615063,,,,,,,,,,,17411,4667,2363,67.72662218333333,46157.48763050926,C_autodl_rtxpro6000x8\experiments\runs\autodl_deepseekcoder67b_e1\matrix_summary.json,,,/root/autodl-tmp/blockchain-vuln/project/experiments/runs/autodl_deepseekcoder67b_e1__has_vul__qlora/_root_autodl-tmp_hf_cache_worker_1_local_modelscope_deepseek-coder-6___7b-base/has_vul__finetune/checkpoints/checkpoint-2177,matrix_summary,,,,,,,,,,,,
CodeGemma,google/codegemma-2b,has_vul,direct,has,completed,A_8.130.211.198,machine_a_codegemma2b_e1__has_vul__direct,0.5010579771476936,0.6781609195402298,0.048760330578512395,0.09097918272937548,,,,,,,,,,,,,2363,28.712124483333334,46160.75549902778,A_8.130.211.198\experiments\runs\machine_a_codegemma2b_e1\matrix_summary.json,/root/blockchain-vuln/project/experiments/runs/machine_a_codegemma2b_e1__has_vul__direct/google_codegemma-2b/has_vul__direct/predictions.jsonl,,,matrix_summary,,,,,,,,,,,,
CodeGemma,google/codegemma-2b,has_vul,direct,has,completed,C_autodl_rtxpro6000x8,autodl_codegemma_2b_e1_gpu4_retry__has_vul__direct,0.49767245027507406,0.6385542168674698,0.043801652892561986,0.08197989172467131,,,,,,,,,,,,,2363,17.67231878333333,46159.43997966435,C_autodl_rtxpro6000x8\experiments\runs\autodl_codegemma_2b_e1_gpu4_retry\matrix_summary.json,/root/autodl-tmp/blockchain-vuln/project/experiments/runs/autodl_codegemma_2b_e1_gpu4_retry__has_vul__direct/_root_autodl-tmp_hf_cache_worker_4_local_modelscope_codegemma-2b/has_vul__direct/predictions.jsonl,,,matrix_summary,,,,,,,,,,,,
CodeGemma,google/codegemma-2b,has_vul,full,has,completed,C_autodl_rtxpro6000x8,autodl_codegemma_2b_e1_gpu4_retry__has_vul__full,0.8552687261955142,0.8780487804878049,0.8330578512396695,0.8549618320610687,,,,,,,,,,,17411,4667,2363,42.54635171666666,46159.48279688657,C_autodl_rtxpro6000x8\experiments\runs\autodl_codegemma_2b_e1_gpu4_retry\matrix_summary.json,,,/root/autodl-tmp/blockchain-vuln/project/experiments/runs/autodl_codegemma_2b_e1_gpu4_retry__has_vul__full/_root_autodl-tmp_hf_cache_worker_4_local_modelscope_codegemma-2b/has_vul__finetune/checkpoints/checkpoint-2177,matrix_summary,,,,,,,,,,,,
CodeGemma,google/codegemma-2b,has_vul,prompt,has,completed,A_8.130.211.198,machine_a_codegemma2b_e1__has_vul__prompt,0.5264494286923402,0.6654545454545454,0.15123966942148762,0.24646464646464647,,,,,,,,,,,,,2363,23.70449895,46160.77196049769,A_8.130.211.198\experiments\runs\machine_a_codegemma2b_e1\matrix_summary.json,/root/blockchain-vuln/project/experiments/runs/machine_a_codegemma2b_e1__has_vul__prompt/google_codegemma-2b/has_vul__prompt/predictions.jsonl,,,matrix_summary,,,,,,,,,,,,
CodeGemma,google/codegemma-2b,has_vul,prompt,has,completed,C_autodl_rtxpro6000x8,autodl_codegemma_2b_e1_gpu4_retry__has_vul__prompt,0.5251798561151079,0.6594202898550725,0.15041322314049588,0.2449528936742934,,,,,,,,,,,,,2363,19.110331916666667,46159.45325076389,C_autodl_rtxpro6000x8\experiments\runs\autodl_codegemma_2b_e1_gpu4_retry\matrix_summary.json,/root/autodl-tmp/blockchain-vuln/project/experiments/runs/autodl_codegemma_2b_e1_gpu4_retry__has_vul__prompt/_root_autodl-tmp_hf_cache_worker_4_local_modelscope_codegemma-2b/has_vul__prompt/predictions.jsonl,,,matrix_summary,,,,,,,,,,,,
CodeGemma,google/codegemma-2b,has_vul,qlora,has,completed,C_autodl_rtxpro6000x8,autodl_codegemma_2b_e1_gpu4_retry__has_vul__qlora,0.8032162505289886,0.8138163437236732,0.7983471074380165,0.8060075093867334,,,,,,,,,,,17411,4667,2363,28.1846706,46159.50236961806,C_autodl_rtxpro6000x8\experiments\runs\autodl_codegemma_2b_e1_gpu4_retry\matrix_summary.json,,,/root/autodl-tmp/blockchain-vuln/project/experiments/runs/autodl_codegemma_2b_e1_gpu4_retry__has_vul__qlora/_root_autodl-tmp_hf_cache_worker_4_local_modelscope_codegemma-2b/has_vul__finetune/checkpoints/checkpoint-2177,matrix_summary,,,,,,,,,,,,
CodeGemma,google/codegemma-7b,has_vul,direct,has,completed,C_autodl_rtxpro6000x8,autodl_codegemma_7b_e1_gpu5_clean__has_vul__direct,0.5226407109606432,0.7662337662337663,0.09752066115702479,0.17302052785923755,,,,,,,,,,,,,2363,39.80864275,46161.36247413194,C_autodl_rtxpro6000x8\experiments\runs\autodl_codegemma_7b_e1_gpu5_clean\matrix_summary.json,/root/autodl-tmp/blockchain-vuln/project/experiments/runs/autodl_codegemma_7b_e1_gpu5_clean__has_vul__direct/_root_autodl-tmp_hf_cache_worker_5_clean_local_model_google_codegemma-7b/has_vul__direct/predictions.jsonl,,,matrix_summary,,,,,,,,,,,,
CodeGemma,google/codegemma-7b,has_vul,prompt,has,completed,C_autodl_rtxpro6000x8,autodl_codegemma_7b_e1_gpu5_clean__has_vul__prompt,0.5044435040203131,0.656,0.06776859504132231,0.12284644194756554,,,,,,,,,,,,,2363,43.09146178333333,46161.3923987963,C_autodl_rtxpro6000x8\experiments\runs\autodl_codegemma_7b_e1_gpu5_clean\matrix_summary.json,/root/autodl-tmp/blockchain-vuln/project/experiments/runs/autodl_codegemma_7b_e1_gpu5_clean__has_vul__prompt/_root_autodl-tmp_hf_cache_worker_5_clean_local_model_google_codegemma-7b/has_vul__prompt/predictions.jsonl,,,matrix_summary,,,,,,,,,,,,
CodeGemma,google/codegemma-7b,has_vul,qlora,has,completed,C_autodl_rtxpro6000x8,autodl_codegemma_7b_e1_gpu5_clean__has_vul__qlora,0.7723233178163351,0.7852292020373515,0.7644628099173554,0.7747068676716918,,,,,,,,,,,17411,4667,2363,82.44331658333334,46161.44965113426,C_autodl_rtxpro6000x8\experiments\runs\autodl_codegemma_7b_e1_gpu5_clean\matrix_summary.json,,,/root/autodl-tmp/blockchain-vuln/project/experiments/runs/autodl_codegemma_7b_e1_gpu5_clean__has_vul__qlora/_root_autodl-tmp_hf_cache_worker_5_clean_local_model_google_codegemma-7b/has_vul__finetune/checkpoints/checkpoint-2177,matrix_summary,,,,,,,,,,,,
Granite Code,ibm-granite/granite-20b-code-base,has_vul,direct,has,completed,C_autodl_rtxpro6000x8,autodl_granite_20b_code_base_e1__has_vul__direct,0.5421074904782057,0.7689075630252101,0.15123966942148762,0.2527624309392265,,,,,,,,,,,,,2363,76.77003555,46157.66333334491,C_autodl_rtxpro6000x8\experiments\runs\autodl_granite_20b_code_base_e1\matrix_summary.json,/root/autodl-tmp/blockchain-vuln/project/experiments/runs/autodl_granite_20b_code_base_e1__has_vul__direct/_root_autodl-tmp_hf_cache_worker_3_local_modelscope_granite-20b-code-base/has_vul__direct/predictions.jsonl,,,matrix_summary,,,,,,,,,,,,
Granite Code,ibm-granite/granite-20b-code-base,has_vul,prompt,has,completed,C_autodl_rtxpro6000x8,autodl_granite_20b_code_base_e1__has_vul__prompt,0.543377063055438,0.726643598615917,0.17355371900826447,0.2801867911941294,,,,,,,,,,,,,2363,77.37067836666667,46157.71706302083,C_autodl_rtxpro6000x8\experiments\runs\autodl_granite_20b_code_base_e1\matrix_summary.json,/root/autodl-tmp/blockchain-vuln/project/experiments/runs/autodl_granite_20b_code_base_e1__has_vul__prompt/_root_autodl-tmp_hf_cache_worker_3_local_modelscope_granite-20b-code-base/has_vul__prompt/predictions.jsonl,,,matrix_summary,,,,,,,,,,,,
Granite Code,ibm-granite/granite-20b-code-base,has_vul,qlora,has,completed,C_autodl_rtxpro6000x8,autodl_granite_20b_code_base_e1__has_vul__qlora,0.7232331781633516,0.7332214765100671,0.7223140495867768,0.7277268942547876,,,,,,,,,,,17411,4667,2363,164.55344086666668,46157.83133628473,C_autodl_rtxpro6000x8\experiments\runs\autodl_granite_20b_code_base_e1\matrix_summary.json,,,/root/autodl-tmp/blockchain-vuln/project/experiments/runs/autodl_granite_20b_code_base_e1__has_vul__qlora/_root_autodl-tmp_hf_cache_worker_3_local_modelscope_granite-20b-code-base/has_vul__finetune/checkpoints/checkpoint-2177,matrix_summary,,,,,,,,,,,,
Granite Code,ibm-granite/granite-3b-code-base,has_vul,direct,has,completed,C_autodl_rtxpro6000x8,autodl_granite_3b_code_base_e1__has_vul__direct,0.5171392297926365,0.8,0.07603305785123966,0.13886792452830188,,,,,,,,,,,,,2363,30.99344465,46159.7816184375,C_autodl_rtxpro6000x8\experiments\runs\autodl_granite_3b_code_base_e1\matrix_summary.json,/root/autodl-tmp/blockchain-vuln/project/experiments/runs/autodl_granite_3b_code_base_e1__has_vul__direct/_root_autodl-tmp_hf_cache_worker_1_models--ibm-granite--granite-3b-code-base_snapshots_b67f3dabc0b6d00ae477bd76732c7f3458a2caf3/has_vul__direct/predictions.jsonl,,,matrix_summary,,,,,,,,,,,,
Granite Code,ibm-granite/granite-3b-code-base,has_vul,full,has,completed,C_autodl_rtxpro6000x8,autodl_granite_3b_code_base_e1__has_vul__full,0.8738891239949217,0.8851351351351351,0.8661157024793389,0.8755221386800334,,,,,,,,,,,17411,4667,2363,77.00875183333332,46159.85677092592,C_autodl_rtxpro6000x8\experiments\runs\autodl_granite_3b_code_base_e1\matrix_summary.json,,,/root/autodl-tmp/blockchain-vuln/project/experiments/runs/autodl_granite_3b_code_base_e1__has_vul__full/_root_autodl-tmp_hf_cache_worker_1_models--ibm-granite--granite-3b-code-base_snapshots_b67f3dabc0b6d00ae477bd76732c7f3458a2caf3/has_vul__finetune/checkpoints/checkpoint-2177,matrix_summary,,,,,,,,,,,,
Granite Code,ibm-granite/granite-3b-code-base,has_vul,prompt,has,completed,C_autodl_rtxpro6000x8,autodl_granite_3b_code_base_e1__has_vul__prompt,0.5306813372831147,0.6836363636363636,0.15537190082644628,0.2531986531986532,,,,,,,,,,,,,2363,31.210723883333333,46159.80329258102,C_autodl_rtxpro6000x8\experiments\runs\autodl_granite_3b_code_base_e1\matrix_summary.json,/root/autodl-tmp/blockchain-vuln/project/experiments/runs/autodl_granite_3b_code_base_e1__has_vul__prompt/_root_autodl-tmp_hf_cache_worker_1_models--ibm-granite--granite-3b-code-base_snapshots_b67f3dabc0b6d00ae477bd76732c7f3458a2caf3/has_vul__prompt/predictions.jsonl,,,matrix_summary,,,,,,,,,,,,
Granite Code,ibm-granite/granite-3b-code-base,has_vul,qlora,has,completed,C_autodl_rtxpro6000x8,autodl_granite_3b_code_base_e1__has_vul__qlora,0.7693609818027931,0.7810650887573964,0.7636363636363637,0.7722524028416214,,,,,,,,,,,17411,4667,2363,45.22726506666667,46159.88817878472,C_autodl_rtxpro6000x8\experiments\runs\autodl_granite_3b_code_base_e1\matrix_summary.json,,,/root/autodl-tmp/blockchain-vuln/project/experiments/runs/autodl_granite_3b_code_base_e1__has_vul__qlora/_root_autodl-tmp_hf_cache_worker_1_models--ibm-granite--granite-3b-code-base_snapshots_b67f3dabc0b6d00ae477bd76732c7f3458a2caf3/has_vul__finetune/checkpoints/checkpoint-2177,matrix_summary,,,,,,,,,,,,
Granite Code,ibm-granite/granite-8b-code-base,has_vul,direct,has,completed,C_autodl_rtxpro6000x8,autodl_granite_8b_code_base_e1__has_vul__direct,0.5366060093101989,0.592891760904685,0.30330578512396694,0.40131219245489336,,,,,,,,,,,,,2363,40.259257049999995,46157.63479005787,C_autodl_rtxpro6000x8\experiments\runs\autodl_granite_8b_code_base_e1\matrix_summary.json,/root/autodl-tmp/blockchain-vuln/project/experiments/runs/autodl_granite_8b_code_base_e1__has_vul__direct/_root_autodl-tmp_hf_cache_worker_2_local_modelscope_granite-8b-code-base/has_vul__direct/predictions.jsonl,,,matrix_summary,,,,,,,,,,,,
Granite Code,ibm-granite/granite-8b-code-base,has_vul,prompt,has,completed,C_autodl_rtxpro6000x8,autodl_granite_8b_code_base_e1__has_vul__prompt,0.5412611087600507,0.5926470588235294,0.3330578512396694,0.4264550264550265,,,,,,,,,,,,,2363,41.01103775,46157.66326996528,C_autodl_rtxpro6000x8\experiments\runs\autodl_granite_8b_code_base_e1\matrix_summary.json,/root/autodl-tmp/blockchain-vuln/project/experiments/runs/autodl_granite_8b_code_base_e1__has_vul__prompt/_root_autodl-tmp_hf_cache_worker_2_local_modelscope_granite-8b-code-base/has_vul__prompt/predictions.jsonl,,,matrix_summary,,,,,,,,,,,,
Granite Code,ibm-granite/granite-8b-code-base,has_vul,qlora,has,completed,C_autodl_rtxpro6000x8,autodl_granite_8b_code_base_e1__has_vul__qlora,0.7735928903935675,0.785774767146486,0.7669421487603306,0.7762442492680887,,,,,,,,,,,17411,4667,2363,88.61306934999999,46157.72480685185,C_autodl_rtxpro6000x8\experiments\runs\autodl_granite_8b_code_base_e1\matrix_summary.json,,,/root/autodl-tmp/blockchain-vuln/project/experiments/runs/autodl_granite_8b_code_base_e1__has_vul__qlora/_root_autodl-tmp_hf_cache_worker_2_local_modelscope_granite-8b-code-base/has_vul__finetune/checkpoints/checkpoint-2177,matrix_summary,,,,,,,,,,,,
传统基准,microsoft/codebert-base,has_vul,full,has,completed,B_39.105.139.36,machine_b_codebert_base_full_e1__has_vul__full,0.8307236563690225,0.8777985074626866,0.7776859504132232,0.8247151621384751,,,,,,,,,,,17411,4667,2363,9.482580016666667,46156.27116513889,B_39.105.139.36\experiments\runs\machine_b_codebert_base_full_e1\matrix_summary.json,,,/root/blockchain-vuln/project/experiments/runs/machine_b_codebert_base_full_e1__has_vul__full/microsoft_codebert-base/has_vul__finetune/checkpoints/checkpoint-2177,matrix_summary,原始3000条相关（非本次6组）,原始3000条数据集；用于补齐前/后对比时只能与同任务、同方法、同模型/同基线的补齐后结果配对。,否：原始3000条相关结果，但不是本次补齐前6组,否；不要放入本次6组补齐前后主对比,,,,,,,,
传统基准,microsoft/graphcodebert-base,has_vul,full,has,completed,B_39.105.139.36,machine_b_graphcodebert_base_full_e1__has_vul__full,0.8480744815911976,0.9017941454202077,0.7892561983471075,0.8417805200528867,,,,,,,,,,,17411,4667,2363,9.554393150000001,46156.33733885417,B_39.105.139.36\experiments\runs\machine_b_graphcodebert_base_full_e1\matrix_summary.json,,,/root/blockchain-vuln/project/experiments/runs/machine_b_graphcodebert_base_full_e1__has_vul__full/microsoft_graphcodebert-base/has_vul__finetune/checkpoints/checkpoint-2177,matrix_summary,原始3000条相关（非本次6组）,原始3000条数据集；用于补齐前/后对比时只能与同任务、同方法、同模型/同基线的补齐后结果配对。,否：原始3000条相关结果，但不是本次补齐前6组,否；不要放入本次6组补齐前后主对比,,,,,,,,
传统基准,microsoft/unixcoder-base,has_vul,full,has,completed,B_39.105.139.36,machine_b_unixcoder_base_full_e1__has_vul__full,0.8611933982225984,0.8821490467937608,0.8413223140495868,0.8612521150592216,,,,,,,,,,,17411,4667,2363,9.300345116666668,46156.40333829861,B_39.105.139.36\experiments\runs\machine_b_unixcoder_base_full_e1\matrix_summary.json,,,/root/blockchain-vuln/project/experiments/runs/machine_b_unixcoder_base_full_e1__has_vul__full/microsoft_unixcoder-base/has_vul__finetune/checkpoints/checkpoint-2177,matrix_summary,,,,,,,,,,,,
Qwen2.5-Coder,Qwen/Qwen2.5-Coder-0.5B-Instruct,has_vul,direct,has,completed,A_8.130.211.198,matrix_balanced721_qwen05_e1__has_vul__direct,0.48582310622090563,0.43243243243243246,0.013223140495867768,0.02566158781074579,,,,,,,,,,,,,2363,15.5056136,46155.47481378472,A_8.130.211.198\experiments\runs\matrix_balanced721_qwen05_e1\matrix_summary.json,/root/blockchain-vuln/project/experiments/runs/matrix_balanced721_qwen05_e1__has_vul__direct/Qwen_Qwen2.5-Coder-0.5B-Instruct/has_vul__direct/predictions.jsonl,,,matrix_summary,,,,,,,,,,,,
Qwen2.5-Coder,Qwen/Qwen2.5-Coder-0.5B-Instruct,has_vul,direct,has,completed,A_8.130.211.198,matrix_large_qwen05_inst__has_vul__direct,0.31333333333333335,1,0.02830188679245283,0.05504587155963303,,,,,,,,,,,,,150,,,A_8.130.211.198\experiments\runs\matrix_large_qwen05_inst\matrix_summary.json,/root/blockchain-vuln/project/experiments/runs/matrix_large_qwen05_inst__has_vul__direct/Qwen_Qwen2.5-Coder-0.5B-Instruct/has_vul__direct/predictions.jsonl,,,matrix_summary,,,,,,,,,,,,
Qwen2.5-Coder,Qwen/Qwen2.5-Coder-0.5B-Instruct,has_vul,direct,has,completed,A_8.130.211.198,smoke_balanced721_qwen05_direct__has_vul__direct,0.48582310622090563,0.43243243243243246,0.013223140495867768,0.02566158781074579,,,,,,,,,,,,,2363,,,A_8.130.211.198\experiments\runs\smoke_balanced721_qwen05_direct\matrix_summary.json,/root/blockchain-vuln/project/experiments/runs/smoke_balanced721_qwen05_direct__has_vul__direct/Qwen_Qwen2.5-Coder-0.5B-Instruct/has_vul__direct/predictions.jsonl,,,matrix_summary,,,,,,,,,,,,
Qwen2.5-Coder,Qwen/Qwen2.5-Coder-0.5B-Instruct,has_vul,full,has,completed,A_8.130.211.198,matrix_balanced721_qwen05_e1__has_vul__full,0.8751586965721541,0.8940568475452196,0.8578512396694215,0.8755799240826655,,,,,,,,,,,17411,4667,2363,22.99736053333333,46155.50223414352,A_8.130.211.198\experiments\runs\matrix_balanced721_qwen05_e1\matrix_summary.json,,,/root/blockchain-vuln/project/experiments/runs/matrix_balanced721_qwen05_e1__has_vul__full/Qwen_Qwen2.5-Coder-0.5B-Instruct/has_vul__finetune/checkpoints/checkpoint-2177,matrix_summary,,,,,,,,,,,,
Qwen2.5-Coder,Qwen/Qwen2.5-Coder-0.5B-Instruct,has_vul,full,has,completed,A_8.130.211.198,matrix_large_qwen05_inst__has_vul__full,0.7,0.7699115044247787,0.8207547169811321,0.7945205479452054,,,,,,,,,,,500,150,150,,,A_8.130.211.198\experiments\runs\matrix_large_qwen05_inst\matrix_summary.json,,,/root/blockchain-vuln/project/experiments/runs/matrix_large_qwen05_inst__has_vul__full/Qwen_Qwen2.5-Coder-0.5B-Instruct/has_vul__finetune/checkpoints/checkpoint-63,matrix_summary,,,,,,,,,,,,
Qwen2.5-Coder,Qwen/Qwen2.5-Coder-0.5B-Instruct,has_vul,large_hasv_qlora_qwen05_inst,has,completed,A_8.130.211.198,large_hasv_qlora_qwen05_inst,,,,,,,,,,,,,,,,,,,46152.17177474537,,/root/blockchain-vuln/project/experiments/runs/large_hasv_qlora_qwen05_inst/Qwen_Qwen2.5-Coder-0.5B-Instruct/has_vul__finetune/metrics.json,,/root/blockchain-vuln/project/experiments/runs/large_hasv_qlora_qwen05_inst/Qwen_Qwen2.5-Coder-0.5B-Instruct/has_vul__finetune/checkpoints/checkpoint-63,state.json,,,,,,,,,,,,
Qwen2.5-Coder,Qwen/Qwen2.5-Coder-0.5B-Instruct,has_vul,matrix_smoke_hasv_direct_qwen05_inst,has,completed,A_8.130.211.198,matrix_smoke_hasv_direct_qwen05_inst,,,,,,,,,,,,,,,,,,,46152.15965818287,,/root/blockchain-vuln/project/experiments/runs/matrix_smoke_hasv_direct_qwen05_inst/Qwen_Qwen2.5-Coder-0.5B-Instruct/has_vul__direct/metrics.json,,,state.json,,,,,,,,,,,,
Qwen2.5-Coder,Qwen/Qwen2.5-Coder-0.5B-Instruct,has_vul,matrix_smoke_hasv_lora_qwen05_inst,has,completed,A_8.130.211.198,matrix_smoke_hasv_lora_qwen05_inst,,,,,,,,,,,,,,,,,,,46152.16167034722,,/root/blockchain-vuln/project/experiments/runs/matrix_smoke_hasv_lora_qwen05_inst/Qwen_Qwen2.5-Coder-0.5B-Instruct/has_vul__finetune/metrics.json,,/root/blockchain-vuln/project/experiments/runs/matrix_smoke_hasv_lora_qwen05_inst/Qwen_Qwen2.5-Coder-0.5B-Instruct/has_vul__finetune/checkpoints/checkpoint-12,state.json,,,,,,,,,,,,
Qwen2.5-Coder,Qwen/Qwen2.5-Coder-0.5B-Instruct,has_vul,matrix_smoke_hasv_prompt_qwen05_inst,has,completed,A_8.130.211.198,matrix_smoke_hasv_prompt_qwen05_inst,,,,,,,,,,,,,,,,,,,46152.16016689815,,/root/blockchain-vuln/project/experiments/runs/matrix_smoke_hasv_prompt_qwen05_inst/Qwen_Qwen2.5-Coder-0.5B-Instruct/has_vul__prompt/metrics.json,,,state.json,,,,,,,,,,,,
Qwen2.5-Coder,Qwen/Qwen2.5-Coder-0.5B-Instruct,has_vul,matrix_smoke_hasv_qlora_qwen05_inst_headfix,has,completed,A_8.130.211.198,matrix_smoke_hasv_qlora_qwen05_inst_headfix,,,,,,,,,,,,,,,,,,,46152.16275819444,,/root/blockchain-vuln/project/experiments/runs/matrix_smoke_hasv_qlora_qwen05_inst_headfix/Qwen_Qwen2.5-Coder-0.5B-Instruct/has_vul__finetune/metrics.json,,/root/blockchain-vuln/project/experiments/runs/matrix_smoke_hasv_qlora_qwen05_inst_headfix/Qwen_Qwen2.5-Coder-0.5B-Instruct/has_vul__finetune/checkpoints/checkpoint-12,state.json,,,,,,,,,,,,
Qwen2.5-Coder,Qwen/Qwen2.5-Coder-0.5B-Instruct,has_vul,matrix_smoke_hasv_qlora_qwen05_inst,has,completed,A_8.130.211.198,matrix_smoke_hasv_qlora_qwen05_inst,,,,,,,,,,,,,,,,,,,46152.16077815972,,/root/blockchain-vuln/project/experiments/runs/matrix_smoke_hasv_qlora_qwen05_inst/Qwen_Qwen2.5-Coder-0.5B-Instruct/has_vul__finetune/metrics.json,,/root/blockchain-vuln/project/experiments/runs/matrix_smoke_hasv_qlora_qwen05_inst/Qwen_Qwen2.5-Coder-0.5B-Instruct/has_vul__finetune/checkpoints/checkpoint-12,state.json,,,,,,,,,,,,
Qwen2.5-Coder,Qwen/Qwen2.5-Coder-0.5B-Instruct,has_vul,medium_hasv_qlora_qwen05_inst,has,completed,A_8.130.211.198,medium_hasv_qlora_qwen05_inst,,,,,,,,,,,,,,,,,,,46152.16522738426,,/root/blockchain-vuln/project/experiments/runs/medium_hasv_qlora_qwen05_inst/Qwen_Qwen2.5-Coder-0.5B-Instruct/has_vul__finetune/metrics.json,,/root/blockchain-vuln/project/experiments/runs/medium_hasv_qlora_qwen05_inst/Qwen_Qwen2.5-Coder-0.5B-Instruct/has_vul__finetune/checkpoints/checkpoint-25,state.json,,,,,,,,,,,,
Qwen2.5-Coder,Qwen/Qwen2.5-Coder-0.5B-Instruct,has_vul,prompt,has,completed,A_8.130.211.198,matrix_balanced721_qwen05_e1__has_vul__prompt,0.48709267879813795,0.4782608695652174,0.01818181818181818,0.03503184713375796,,,,,,,,,,,,,2363,16.487916900000002,46155.48626373843,A_8.130.211.198\experiments\runs\matrix_balanced721_qwen05_e1\matrix_summary.json,/root/blockchain-vuln/project/experiments/runs/matrix_balanced721_qwen05_e1__has_vul__prompt/Qwen_Qwen2.5-Coder-0.5B-Instruct/has_vul__prompt/predictions.jsonl,,,matrix_summary,,,,,,,,,,,,
Qwen2.5-Coder,Qwen/Qwen2.5-Coder-0.5B-Instruct,has_vul,prompt,has,completed,A_8.130.211.198,matrix_large_qwen05_inst__has_vul__prompt,0.3,0.6,0.02830188679245283,0.05405405405405406,,,,,,,,,,,,,150,,,A_8.130.211.198\experiments\runs\matrix_large_qwen05_inst\matrix_summary.json,/root/blockchain-vuln/project/experiments/runs/matrix_large_qwen05_inst__has_vul__prompt/Qwen_Qwen2.5-Coder-0.5B-Instruct/has_vul__prompt/predictions.jsonl,,,matrix_summary,,,,,,,,,,,,
Qwen2.5-Coder,Qwen/Qwen2.5-Coder-0.5B-Instruct,has_vul,qlora,has,completed,A_8.130.211.198,matrix_balanced721_qwen05_e1__has_vul__qlora,0.7291578501904359,0.7320846905537459,0.7429752066115702,0.7374897456931911,,,,,,,,,,,17411,4667,2363,23.571000916666666,46155.51860290509,A_8.130.211.198\experiments\runs\matrix_balanced721_qwen05_e1\matrix_summary.json,,,/root/blockchain-vuln/project/experiments/runs/matrix_balanced721_qwen05_e1__has_vul__qlora/Qwen_Qwen2.5-Coder-0.5B-Instruct/has_vul__finetune/checkpoints/checkpoint-2177,matrix_summary,,,,,,,,,,,,
Qwen2.5-Coder,Qwen/Qwen2.5-Coder-0.5B-Instruct,has_vul,qlora,has,completed,A_8.130.211.198,matrix_large_qwen05_inst__has_vul__qlora,0.5866666666666667,0.7558139534883721,0.6132075471698113,0.6770833333333334,,,,,,,,,,,500,150,150,,,A_8.130.211.198\experiments\runs\matrix_large_qwen05_inst\matrix_summary.json,,,/root/blockchain-vuln/project/experiments/runs/matrix_large_qwen05_inst__has_vul__qlora/Qwen_Qwen2.5-Coder-0.5B-Instruct/has_vul__finetune/checkpoints/checkpoint-63,matrix_summary,,,,,,,,,,,,
Qwen2.5-Coder,Qwen/Qwen2.5-Coder-0.5B-Instruct,has_vul,qwen05_has_vul_qlora_r32_e3_lr2e5,has,completed,A_8.130.211.198,qwen05_has_vul_qlora_r32_e3_lr2e5,,,,,,,,,,,,,,,,,,,46153.13759833333,,/root/blockchain-vuln/project/experiments/runs/qwen05_has_vul_qlora_r32_e3_lr2e5/Qwen_Qwen2.5-Coder-0.5B-Instruct/has_vul__finetune/metrics.json,,/root/blockchain-vuln/project/experiments/runs/qwen05_has_vul_qlora_r32_e3_lr2e5/Qwen_Qwen2.5-Coder-0.5B-Instruct/has_vul__finetune/checkpoints/checkpoint-189,state.json,,,,,,,,,,,,
Qwen2.5-Coder,Qwen/Qwen2.5-Coder-0.5B-Instruct,has_vul,smoke_hasv_direct_qwen05,has,completed,A_8.130.211.198,smoke_hasv_direct_qwen05,,,,,,,,,,,,,,,,,,,46151.71905505787,,/root/blockchain-vuln/project/experiments/runs/smoke_hasv_direct_qwen05/Qwen_Qwen2.5-Coder-0.5B/has_vul__direct/metrics.json,,,state.json,,,,,,,,,,,,
Qwen2.5-Coder,Qwen/Qwen2.5-Coder-0.5B-Instruct,has_vul,smoke_hasv_prompt_qwen05_instruct_prefix,has,completed,A_8.130.211.198,smoke_hasv_prompt_qwen05_instruct_prefix,,,,,,,,,,,,,,,,,,,46152.15676144676,,/root/blockchain-vuln/project/experiments/runs/smoke_hasv_prompt_qwen05_instruct_prefix/Qwen_Qwen2.5-Coder-0.5B-Instruct/has_vul__prompt/metrics.json,,,state.json,,,,,,,,,,,,
Qwen2.5-Coder,Qwen/Qwen2.5-Coder-0.5B-Instruct,has_vul,smoke_hasv_prompt_qwen05_instruct_truncfix,has,completed,A_8.130.211.198,smoke_hasv_prompt_qwen05_instruct_truncfix,,,,,,,,,,,,,,,,,,,46152.15534473379,,/root/blockchain-vuln/project/experiments/runs/smoke_hasv_prompt_qwen05_instruct_truncfix/Qwen_Qwen2.5-Coder-0.5B-Instruct/has_vul__prompt/metrics.json,,,state.json,,,,,,,,,,,,
Qwen2.5-Coder,Qwen/Qwen2.5-Coder-0.5B-Instruct,has_vul,smoke_hasv_prompt_qwen05_instruct,has,completed,A_8.130.211.198,smoke_hasv_prompt_qwen05_instruct,,,,,,,,,,,,,,,,,,,46152.15437811342,,/root/blockchain-vuln/project/experiments/runs/smoke_hasv_prompt_qwen05_instruct/Qwen_Qwen2.5-Coder-0.5B-Instruct/has_vul__prompt/metrics.json,,,state.json,,,,,,,,,,,,
Qwen2.5-Coder,Qwen/Qwen2.5-Coder-1.5B-Instruct,has_vul,direct,has,completed,A_8.130.211.198,formal_balanced721_qwen25coder15b_e1__has_vul__direct,0.4955564959796868,0.6875,0.02727272727272727,0.05246422893481717,,,,,,,,,,,,,2363,8.10932255,46156.033538125,A_8.130.211.198\experiments\runs\formal_balanced721_qwen25coder15b_e1\matrix_summary.json,/root/blockchain-vuln/project/experiments/runs/formal_balanced721_qwen25coder15b_e1__has_vul__direct/Qwen_Qwen2.5-Coder-1.5B-Instruct/has_vul__direct/predictions.jsonl,,,matrix_summary,,,,,,,,,,,,
Qwen2.5-Coder,Qwen/Qwen2.5-Coder-1.5B-Instruct,has_vul,full,has,completed,A_8.130.211.198,formal_balanced721_qwen25coder15b_e1__has_vul__full,0.8751586965721541,0.8933791917454859,0.8586776859504133,0.8756847871892119,,,,,,,,,,,17411,4667,2363,62.47628843333334,46156.08288289352,A_8.130.211.198\experiments\runs\formal_balanced721_qwen25coder15b_e1\matrix_summary.json,,,/root/blockchain-vuln/project/experiments/runs/formal_balanced721_qwen25coder15b_e1__has_vul__full/Qwen_Qwen2.5-Coder-1.5B-Instruct/has_vul__finetune/checkpoints/checkpoint-2177,matrix_summary,,,,,,,,,,,,
Qwen2.5-Coder,Qwen/Qwen2.5-Coder-1.5B-Instruct,has_vul,prompt,has,completed,A_8.130.211.198,formal_balanced721_qwen25coder15b_e1__has_vul__prompt,0.48243757934828607,0.4,0.021487603305785124,0.0407843137254902,,,,,,,,,,,,,2363,8.580116550000001,46156.0394965625,A_8.130.211.198\experiments\runs\formal_balanced721_qwen25coder15b_e1\matrix_summary.json,/root/blockchain-vuln/project/experiments/runs/formal_balanced721_qwen25coder15b_e1__has_vul__prompt/Qwen_Qwen2.5-Coder-1.5B-Instruct/has_vul__prompt/predictions.jsonl,,,matrix_summary,,,,,,,,,,,,
Qwen2.5-Coder,Qwen/Qwen2.5-Coder-1.5B-Instruct,has_vul,qlora,has,completed,A_8.130.211.198,formal_balanced721_qwen25coder15b_e1__has_vul__qlora,0.7507405840033855,0.7497988736926791,0.7702479338842976,0.7598858540562576,,,,,,,,,,,17411,4667,2363,53.20564545,46156.11983128472,A_8.130.211.198\experiments\runs\formal_balanced721_qwen25coder15b_e1\matrix_summary.json,,,/root/blockchain-vuln/project/experiments/runs/formal_balanced721_qwen25coder15b_e1__has_vul__qlora/Qwen_Qwen2.5-Coder-1.5B-Instruct/has_vul__finetune/checkpoints/checkpoint-2177,matrix_summary,,,,,,,,,,,,
Qwen2.5-Coder,Qwen/Qwen2.5-Coder-14B-Instruct,has_vul,direct,has,completed,C_autodl_rtxpro6000x8,autodl_qwen25coder14b_e1__has_vul__direct,0.5404147270418959,0.7026143790849673,0.17768595041322313,0.2836411609498681,,,,,,,,,,,,,2363,30.39272928333333,46157.60170509259,C_autodl_rtxpro6000x8\experiments\runs\autodl_qwen25coder14b_e1\matrix_summary.json,/root/autodl-tmp/blockchain-vuln/project/experiments/runs/autodl_qwen25coder14b_e1__has_vul__direct/_root_autodl-tmp_hf_cache_worker_4_local_modelscope_Qwen2___5-Coder-14B-Instruct/has_vul__direct/predictions.jsonl,,,matrix_summary,,,,,,,,,,,,
Qwen2.5-Coder,Qwen/Qwen2.5-Coder-14B-Instruct,has_vul,prompt,has,completed,C_autodl_rtxpro6000x8,autodl_qwen25coder14b_e1__has_vul__prompt,0.5048666948793906,0.5925925925925926,0.10578512396694215,0.17952314165497896,,,,,,,,,,,,,2363,30.8579791,46157.62313427083,C_autodl_rtxpro6000x8\experiments\runs\autodl_qwen25coder14b_e1\matrix_summary.json,/root/autodl-tmp/blockchain-vuln/project/experiments/runs/autodl_qwen25coder14b_e1__has_vul__prompt/_root_autodl-tmp_hf_cache_worker_4_local_modelscope_Qwen2___5-Coder-14B-Instruct/has_vul__prompt/predictions.jsonl,,,matrix_summary,,,,,,,,,,,,
Qwen2.5-Coder,Qwen/Qwen2.5-Coder-14B-Instruct,has_vul,qlora,has,completed,C_autodl_rtxpro6000x8,autodl_qwen25coder14b_e1__has_vul__qlora,0.7685146000846381,0.7792754844144903,0.7644628099173554,0.7717980809345014,,,,,,,,,,,17411,4667,2363,134.02763984999999,46157.7162090625,C_autodl_rtxpro6000x8\experiments\runs\autodl_qwen25coder14b_e1\matrix_summary.json,,,/root/autodl-tmp/blockchain-vuln/project/experiments/runs/autodl_qwen25coder14b_e1__has_vul__qlora/_root_autodl-tmp_hf_cache_worker_4_local_modelscope_Qwen2___5-Coder-14B-Instruct/has_vul__finetune/checkpoints/checkpoint-2177,matrix_summary,,,,,,,,,,,,
Qwen2.5-Coder,Qwen/Qwen2.5-Coder-32B-Instruct,has_vul,direct,has,completed,C_autodl_rtxpro6000x8,autodl_qwen25coder32b_e1_gpu6__has_vul__direct,0.5366060093101989,0.7003484320557491,0.16611570247933885,0.2685370741482966,,,,,,,,,,,,,2363,72.87187056666667,46161.6765349074,C_autodl_rtxpro6000x8\experiments\runs\autodl_qwen25coder32b_e1_gpu6\matrix_summary.json,/root/autodl-tmp/blockchain-vuln/project/experiments/runs/autodl_qwen25coder32b_e1_gpu6__has_vul__direct/_root_autodl-tmp_hf_cache_worker_6_qwen32b_Qwen_Qwen2.5-Coder-32B-Instruct/has_vul__direct/predictions.jsonl,,,matrix_summary,,,,,,,,,,,,
Qwen2.5-Coder,Qwen/Qwen2.5-Coder-32B-Instruct,has_vul,prompt,has,completed,C_autodl_rtxpro6000x8,autodl_qwen25coder32b_e1_gpu6__has_vul__prompt,0.5336436732966567,0.7125984251968503,0.14958677685950414,0.24726775956284153,,,,,,,,,,,,,2363,72.15454406666666,46161.72664226852,C_autodl_rtxpro6000x8\experiments\runs\autodl_qwen25coder32b_e1_gpu6\matrix_summary.json,/root/autodl-tmp/blockchain-vuln/project/experiments/runs/autodl_qwen25coder32b_e1_gpu6__has_vul__prompt/_root_autodl-tmp_hf_cache_worker_6_qwen32b_Qwen_Qwen2.5-Coder-32B-Instruct/has_vul__prompt/predictions.jsonl,,,matrix_summary,,,,,,,,,,,,
Qwen2.5-Coder,Qwen/Qwen2.5-Coder-32B-Instruct,has_vul,qlora,has,completed,C_autodl_rtxpro6000x8,autodl_qwen25coder32b_e1_gpu6__has_vul__qlora,0.7524333474396953,0.7576257213520198,0.759504132231405,0.7585637639290136,,,,,,,,,,,17411,4667,2363,297.88920975,46161.93350981481,C_autodl_rtxpro6000x8\experiments\runs\autodl_qwen25coder32b_e1_gpu6\matrix_summary.json,,,/root/autodl-tmp/blockchain-vuln/project/experiments/runs/autodl_qwen25coder32b_e1_gpu6__has_vul__qlora/_root_autodl-tmp_hf_cache_worker_6_qwen32b_Qwen_Qwen2.5-Coder-32B-Instruct/has_vul__finetune/checkpoints/checkpoint-2177,matrix_summary,,,,,,,,,,,,
Qwen2.5-Coder,Qwen/Qwen2.5-Coder-3B-Instruct,has_vul,direct,has,completed,A_8.130.211.198,machine_a_qwen25coder3b_e1__has_vul__direct,0.5370292001692764,0.6442786069651741,0.2140495867768595,0.3213399503722084,,,,,,,,,,,,,2363,267.9951329666667,46157.44375930556,A_8.130.211.198\experiments\runs\machine_a_qwen25coder3b_e1\matrix_summary.json,/root/blockchain-vuln/project/experiments/runs/machine_a_qwen25coder3b_e1__has_vul__direct/Qwen_Qwen2.5-Coder-3B-Instruct/has_vul__direct/predictions.jsonl,,,matrix_summary,,,,,,,,,,,,
Qwen2.5-Coder,Qwen/Qwen2.5-Coder-3B-Instruct,has_vul,full,has,completed,C_autodl_rtxpro6000x8,machine_c_qwen25coder3b_full_e1__has_vul__full,0.8726195514176894,0.8835443037974684,0.8652892561983471,0.874321503131524,,,,,,,,,,,17411,4667,2363,198.48795088333333,46158.8133316088,C_autodl_rtxpro6000x8\experiments\runs\machine_c_qwen25coder3b_full_e1\matrix_summary.json,,,/root/autodl-tmp/blockchain-vuln/project/experiments/runs/machine_c_qwen25coder3b_full_e1__has_vul__full/Qwen_Qwen2.5-Coder-3B-Instruct/has_vul__finetune/checkpoints/checkpoint-2177,matrix_summary,,,,,,,,,,,,
Qwen2.5-Coder,Qwen/Qwen2.5-Coder-3B-Instruct,has_vul,prompt,has,completed,A_8.130.211.198,machine_a_qwen25coder3b_e1__has_vul__prompt,0.4845535336436733,0.4854014598540146,0.10991735537190082,0.1792452830188679,,,,,,,,,,,,,2363,23.837423766666667,46157.46031309028,A_8.130.211.198\experiments\runs\machine_a_qwen25coder3b_e1\matrix_summary.json,/root/blockchain-vuln/project/experiments/runs/machine_a_qwen25coder3b_e1__has_vul__prompt/Qwen_Qwen2.5-Coder-3B-Instruct/has_vul__prompt/predictions.jsonl,,,matrix_summary,,,,,,,,,,,,
Qwen2.5-Coder,Qwen/Qwen2.5-Coder-3B-Instruct,has_vul,qlora,has,completed,A_8.130.211.198,machine_a_qwen25coder3b_e1__has_vul__qlora,0.7786711807024969,0.7754611066559743,0.7991735537190082,0.7871387871387872,,,,,,,,,,,17411,4667,2363,95.62066256666667,46157.52883980324,A_8.130.211.198\experiments\runs\machine_a_qwen25coder3b_e1\matrix_summary.json,,,/root/blockchain-vuln/project/experiments/runs/machine_a_qwen25coder3b_e1__has_vul__qlora/Qwen_Qwen2.5-Coder-3B-Instruct/has_vul__finetune/checkpoints/checkpoint-2177,matrix_summary,,,,,,,,,,,,
Qwen2.5-Coder,Qwen/Qwen2.5-Coder-7B-Instruct,has_vul,direct,has,completed,C_autodl_rtxpro6000x8,autodl_qwen25coder7b_e1__has_vul__direct,0.5141768937790944,0.6131386861313869,0.13884297520661157,0.22641509433962265,,,,,,,,,,,,,2363,22.247314716666665,46157.39515871528,C_autodl_rtxpro6000x8\experiments\runs\autodl_qwen25coder7b_e1\matrix_summary.json,/root/autodl-tmp/blockchain-vuln/project/experiments/runs/autodl_qwen25coder7b_e1__has_vul__direct/_root_autodl-tmp_hf_cache_worker_0_local_modelscope_Qwen2___5-Coder-7B-Instruct/has_vul__direct/predictions.jsonl,,,matrix_summary,,,,,,,,,,,,
Qwen2.5-Coder,Qwen/Qwen2.5-Coder-7B-Instruct,has_vul,prompt,has,completed,C_autodl_rtxpro6000x8,autodl_qwen25coder7b_e1__has_vul__prompt,0.48328396106644095,0.4729064039408867,0.07933884297520662,0.13588110403397027,,,,,,,,,,,,,2363,22.62954866666667,46157.4108737037,C_autodl_rtxpro6000x8\experiments\runs\autodl_qwen25coder7b_e1\matrix_summary.json,/root/autodl-tmp/blockchain-vuln/project/experiments/runs/autodl_qwen25coder7b_e1__has_vul__prompt/_root_autodl-tmp_hf_cache_worker_0_local_modelscope_Qwen2___5-Coder-7B-Instruct/has_vul__prompt/predictions.jsonl,,,matrix_summary,,,,,,,,,,,,
Qwen2.5-Coder,Qwen/Qwen2.5-Coder-7B-Instruct,has_vul,qlora,has,completed,C_autodl_rtxpro6000x8,autodl_qwen25coder7b_e1__has_vul__qlora,0.7520101565806179,0.751207729468599,0.7710743801652893,0.7610114192495921,,,,,,,,,,,17411,4667,2363,70.16527135,46157.45959961806,C_autodl_rtxpro6000x8\experiments\runs\autodl_qwen25coder7b_e1\matrix_summary.json,,,/root/autodl-tmp/blockchain-vuln/project/experiments/runs/autodl_qwen25coder7b_e1__has_vul__qlora/_root_autodl-tmp_hf_cache_worker_0_local_modelscope_Qwen2___5-Coder-7B-Instruct/has_vul__finetune/checkpoints/checkpoint-2177,matrix_summary,,,,,,,,,,,,
传统基准,Salesforce/codet5-base,has_vul,full,has,completed,B_39.105.139.36,machine_b_codet5_base_full_e1__has_vul__full,0.8205670757511637,0.8330508474576271,0.812396694214876,0.8225941422594142,,,,,,,,,,,17411,4667,2363,20.771245983333333,46156.56857472222,B_39.105.139.36\experiments\runs\machine_b_codet5_base_full_e1\matrix_summary.json,,,/root/blockchain-vuln/project/experiments/runs/machine_b_codet5_base_full_e1__has_vul__full/Salesforce_codet5-base/has_vul__finetune/checkpoints/checkpoint-2177,matrix_summary,,,,,,,,,,,,
传统基准,Salesforce/codet5-base,has_vul,qlora,has,completed,B_39.105.139.36,machine_b_codet5_base_qlora_e1__has_vul__qlora,0.6275920440118493,0.6178571428571429,0.7148760330578512,0.6628352490421456,,,,,,,,,,,17411,4667,2363,37.64191246666667,46160.12195957176,B_39.105.139.36\experiments\runs\machine_b_codet5_base_qlora_e1\matrix_summary.json,,,/root/blockchain-vuln/project/experiments/runs/machine_b_codet5_base_qlora_e1__has_vul__qlora/Salesforce_codet5-base/has_vul__finetune/checkpoints/checkpoint-2177,matrix_summary,,,,,,,,,,,,
WizardCoder,vanillaOVO/WizardCoder-Python-7B-V1.0,has_vul,direct,has,completed,A_8.130.211.198,machine_a_wizardcoder_python_7b_e1__has_vul__direct,0.4955564959796868,0.5483870967741935,0.08429752066115702,0.14613180515759314,,,,,,,,,,,,,2363,52.84650511666667,46161.39243001158,A_8.130.211.198\experiments\runs\machine_a_wizardcoder_python_7b_e1\matrix_summary.json,/root/blockchain-vuln/project/experiments/runs/machine_a_wizardcoder_python_7b_e1__has_vul__direct/_mnt_data_hf_cache_worker_a_local_model_WizardCoder-Python-7B-V1.0/has_vul__direct/predictions.jsonl,,,matrix_summary,,,,,,,,,,,,
WizardCoder,vanillaOVO/WizardCoder-Python-7B-V1.0,has_vul,prompt,has,completed,A_8.130.211.198,machine_a_wizardcoder_python_7b_e1__has_vul__prompt,0.5256030469741854,0.6386292834890965,0.16942148760330578,0.2677988242978446,,,,,,,,,,,,,2363,52.915773183333336,46161.42917708333,A_8.130.211.198\experiments\runs\machine_a_wizardcoder_python_7b_e1\matrix_summary.json,/root/blockchain-vuln/project/experiments/runs/machine_a_wizardcoder_python_7b_e1__has_vul__prompt/_mnt_data_hf_cache_worker_a_local_model_WizardCoder-Python-7B-V1.0/has_vul__prompt/predictions.jsonl,,,matrix_summary,,,,,,,,,,,,
WizardCoder,vanillaOVO/WizardCoder-Python-7B-V1.0,has_vul,qlora,has,completed,A_8.130.211.198,machine_a_wizardcoder_python_7b_e1__has_vul__qlora,0.7270418958950486,0.7313677313677314,0.7380165289256199,0.7346770876182641,,,,,,,,,,,17411,4667,2363,168.06908988333333,46161.54589174769,A_8.130.211.198\experiments\runs\machine_a_wizardcoder_python_7b_e1\matrix_summary.json,,,/root/blockchain-vuln/project/experiments/runs/machine_a_wizardcoder_python_7b_e1__has_vul__qlora/_mnt_data_hf_cache_worker_a_local_model_WizardCoder-Python-7B-V1.0/has_vul__finetune/checkpoints/checkpoint-2177,matrix_summary,,,,,,,,,,,,
