run_name,闭合状态,Excel位置,本地metrics路径,建议处理,缺失解释分类,替代run线索
remote_codegemma_2b_e1__has_vul__direct,Excel有-本地镜像缺失,全部结果指标!R94,,artifacts/remote_codegemma_2b_e1__has_vul__direct/镜像缺失；若正文引用，需重新定位或补拉结果,artifacts/remote_codegemma_2b_e1__has_vul__direct/同方法替代run,"remote_codegemma_2b_e1_gpu4_retry__has_vul__direct, machine_a_codegemma2b_e1__has_vul__direct"
remote_codegemma_2b_e1_gpu4_retry__has_vul__direct,双向闭合,全部结果指标!R95; has指标!R32,artifacts/metrics/remote_codegemma_2b_e1_gpu4_retry__has_vul__direct/metrics.json,可作为闭合结果,,
remote_codegemma_2b_e1_gpu4_retry__has_vul__full,双向闭合,应跑缺口明细!R139; 全部结果指标!R97; has指标!R33,artifacts/metrics/remote_codegemma_2b_e1_gpu4_retry__has_vul__full/metrics.json,可作为闭合结果,,
remote_codegemma_2b_e1_gpu4_retry__has_vul__prompt,双向闭合,全部结果指标!R99; has指标!R35,artifacts/metrics/remote_codegemma_2b_e1_gpu4_retry__has_vul__prompt/metrics.json,可作为闭合结果,,
remote_codegemma_2b_e1_gpu4_retry__has_vul__qlora,双向闭合,应跑缺口明细!R140; 全部结果指标!R100; has指标!R36,artifacts/metrics/remote_codegemma_2b_e1_gpu4_retry__has_vul__qlora/metrics.json,可作为闭合结果,,
remote_codegemma_2b_e1_gpu4_retry__vul_line__direct,Excel有-本地镜像缺失,应跑缺口明细!R145; 全部结果指标!R101; line指标!R26,,artifacts/remote_codegemma_2b_e1_gpu4_retry__vul_line__direct/镜像缺失；若正文引用，需重新定位或补拉结果,artifacts/metrics/remote_codegemma_2b_e1_gpu4_retry__vul_line__direct/metrics.json,
remote_codegemma_2b_e1_gpu4_retry__vul_line__full,双向闭合,应跑缺口明细!R147; 全部结果指标!R102; line指标!R27,artifacts/metrics/remote_codegemma_2b_e1_gpu4_retry__vul_line__full/metrics.json,可作为闭合结果,,
remote_codegemma_2b_e1_gpu4_retry__vul_line__prompt,双向闭合,应跑缺口明细!R146; 全部结果指标!R103; line指标!R28,artifacts/metrics/remote_codegemma_2b_e1_gpu4_retry__vul_line__prompt/metrics.json,可作为闭合结果,,
remote_codegemma_2b_e1_gpu4_retry__vul_line__qlora,Excel有-本地镜像缺失,应跑缺口明细!R148; 全部结果指标!R104; line指标!R29,,artifacts/remote_codegemma_2b_e1_gpu4_retry__vul_line__qlora/镜像缺失；若正文引用，需重新定位或补拉结果,表内历史记录或镜像缺失，需按正文是否引用决定是否补拉,
remote_codegemma_2b_e1_gpu4_retry__vul_type__direct,双向闭合,应跑缺口明细!R141; 全部结果指标!R105; type指标!R31,artifacts/metrics/remote_codegemma_2b_e1_gpu4_retry__vul_type__direct/metrics.json,可作为闭合结果,,
remote_codegemma_2b_e1_gpu4_retry__vul_type__full,双向闭合,应跑缺口明细!R143; 全部结果指标!R106; type指标!R32,artifacts/metrics/remote_codegemma_2b_e1_gpu4_retry__vul_type__full/metrics.json,可作为闭合结果,,
remote_codegemma_2b_e1_gpu4_retry__vul_type__prompt,双向闭合,应跑缺口明细!R142; 全部结果指标!R107; type指标!R33,artifacts/metrics/remote_codegemma_2b_e1_gpu4_retry__vul_type__prompt/metrics.json,可作为闭合结果,,
remote_codegemma_2b_e1_gpu4_retry__vul_type__qlora,双向闭合,应跑缺口明细!R144; 全部结果指标!R108; type指标!R34,artifacts/metrics/remote_codegemma_2b_e1_gpu4_retry__vul_type__qlora/metrics.json,可作为闭合结果,,
remote_codegemma_7b_e1__has_vul__direct,Excel有-本地镜像缺失,全部结果指标!R109,,artifacts/remote_codegemma_7b_e1__has_vul__direct/镜像缺失；若正文引用，需重新定位或补拉结果,artifacts/remote_codegemma_7b_e1__has_vul__direct/同方法替代run,remote_codegemma_7b_e1_gpu5_clean__has_vul__direct
remote_codegemma_7b_e1_gpu5_clean__has_vul__direct,双向闭合,应跑缺口明细!R149; 全部结果指标!R110; has指标!R37,artifacts/metrics/remote_codegemma_7b_e1_gpu5_clean__has_vul__direct/metrics.json,可作为闭合结果,,
remote_codegemma_7b_e1_gpu5_clean__has_vul__prompt,双向闭合,应跑缺口明细!R150; 全部结果指标!R111; has指标!R38,artifacts/metrics/remote_codegemma_7b_e1_gpu5_clean__has_vul__prompt/metrics.json,可作为闭合结果,,
remote_codegemma_7b_e1_gpu5_clean__has_vul__qlora,Excel有-本地镜像缺失,应跑缺口明细!R151; 全部结果指标!R112; has指标!R39,,artifacts/remote_codegemma_7b_e1_gpu5_clean__has_vul__qlora/镜像缺失；若正文引用，需重新定位或补拉结果,表内历史记录或镜像缺失，需按正文是否引用决定是否补拉,
remote_codegemma_7b_e1_gpu5_clean__vul_line__direct,双向闭合,应跑缺口明细!R155; 全部结果指标!R113; line指标!R30,artifacts/metrics/remote_codegemma_7b_e1_gpu5_clean__vul_line__direct/metrics.json,可作为闭合结果,,
remote_codegemma_7b_e1_gpu5_clean__vul_line__prompt,Excel有-本地镜像缺失,应跑缺口明细!R156; 全部结果指标!R114; line指标!R31,,artifacts/remote_codegemma_7b_e1_gpu5_clean__vul_line__prompt/镜像缺失；若正文引用，需重新定位或补拉结果,artifacts/metrics/remote_codegemma_7b_e1_gpu5_clean__vul_line__prompt/metrics.json,
remote_codegemma_7b_e1_gpu5_clean__vul_line__qlora,双向闭合,应跑缺口明细!R157; 全部结果指标!R115; line指标!R32,artifacts/metrics/remote_codegemma_7b_e1_gpu5_clean__vul_line__qlora/metrics.json,可作为闭合结果,,
remote_codegemma_7b_e1_gpu5_clean__vul_type__direct,Excel有-本地镜像缺失,应跑缺口明细!R152; 全部结果指标!R116; type指标!R35,,artifacts/remote_codegemma_7b_e1_gpu5_clean__vul_type__direct/镜像缺失；若正文引用，需重新定位或补拉结果,artifacts/metrics/remote_codegemma_7b_e1_gpu5_clean__vul_type__direct/metrics.json,
remote_codegemma_7b_e1_gpu5_clean__vul_type__prompt,Excel有-本地镜像缺失,应跑缺口明细!R153; 全部结果指标!R117; type指标!R36,,artifacts/remote_codegemma_7b_e1_gpu5_clean__vul_type__prompt/镜像缺失；若正文引用，需重新定位或补拉结果,artifacts/metrics/remote_codegemma_7b_e1_gpu5_clean__vul_type__prompt/metrics.json,
remote_codegemma_7b_e1_gpu5_clean__vul_type__qlora,双向闭合,应跑缺口明细!R154; 全部结果指标!R118; type指标!R37,artifacts/metrics/remote_codegemma_7b_e1_gpu5_clean__vul_type__qlora/metrics.json,可作为闭合结果,,
remote_codellama34b_e1_gpu1_vul_line_direct_after_wizard__vul_line__direct,双向闭合,应跑缺口明细!R212; 全部结果指标!R45; line指标!R15,artifacts/metrics/remote_codellama34b_e1_gpu1_vul_line_direct_after_wizard__vul_line__direct/metrics.json,可作为闭合结果,,
remote_codellama34b_e1_gpu2_has_vul_vul_type__has_vul__direct,双向闭合,应跑缺口明细!R206; 全部结果指标!R42; has指标!R15,artifacts/metrics/remote_codellama34b_e1_gpu2_has_vul_vul_type__has_vul__direct/metrics.json,可作为闭合结果,,
remote_codellama34b_e1_gpu2_has_vul_vul_type__has_vul__prompt,双向闭合,应跑缺口明细!R207; 全部结果指标!R43; has指标!R16,artifacts/metrics/remote_codellama34b_e1_gpu2_has_vul_vul_type__has_vul__prompt/metrics.json,可作为闭合结果,,
remote_codellama34b_e1_gpu2_has_vul_vul_type__has_vul__qlora,双向闭合,应跑缺口明细!R208; 全部结果指标!R44; has指标!R17,artifacts/metrics/remote_codellama34b_e1_gpu2_has_vul_vul_type__has_vul__qlora/metrics.json,可作为闭合结果,,
remote_codellama34b_e1_gpu2_has_vul_vul_type__vul_type__direct,双向闭合,应跑缺口明细!R209; 全部结果指标!R48; type指标!R15,artifacts/metrics/remote_codellama34b_e1_gpu2_has_vul_vul_type__vul_type__direct/metrics.json,可作为闭合结果,,
remote_codellama34b_e1_gpu2_has_vul_vul_type__vul_type__prompt,双向闭合,应跑缺口明细!R210; 全部结果指标!R49; type指标!R16,artifacts/metrics/remote_codellama34b_e1_gpu2_has_vul_vul_type__vul_type__prompt/metrics.json,可作为闭合结果,,
remote_codellama34b_e1_gpu2_has_vul_vul_type__vul_type__qlora,双向闭合,应跑缺口明细!R211; 全部结果指标!R50; type指标!R17,artifacts/metrics/remote_codellama34b_e1_gpu2_has_vul_vul_type__vul_type__qlora/metrics.json,可作为闭合结果,,
remote_codellama34b_e1_gpu3_vul_line_qlora_split__vul_line__qlora,双向闭合,应跑缺口明细!R214; 全部结果指标!R47,artifacts/metrics/remote_codellama34b_e1_gpu3_vul_line_qlora_split__vul_line__qlora/metrics.json,可作为闭合结果,,
remote_codellama_13b_e1__has_vul__direct,双向闭合,应跑缺口明细!R197; 全部结果指标!R32; has指标!R12,artifacts/metrics/remote_codellama_13b_e1__has_vul__direct/metrics.json,可作为闭合结果,,
remote_codellama_13b_e1__has_vul__prompt,双向闭合,应跑缺口明细!R198; 全部结果指标!R33; has指标!R13,artifacts/metrics/remote_codellama_13b_e1__has_vul__prompt/metrics.json,可作为闭合结果,,
remote_codellama_13b_e1__has_vul__qlora,双向闭合,应跑缺口明细!R199; 全部结果指标!R34; has指标!R14,artifacts/metrics/remote_codellama_13b_e1__has_vul__qlora/metrics.json,可作为闭合结果,,
remote_codellama_13b_e1__vul_line__direct,双向闭合,应跑缺口明细!R203; 全部结果指标!R35; line指标!R12,artifacts/metrics/remote_codellama_13b_e1__vul_line__direct/metrics.json,可作为闭合结果,,
remote_codellama_13b_e1__vul_line__prompt,双向闭合,应跑缺口明细!R204; 全部结果指标!R36; line指标!R13,artifacts/metrics/remote_codellama_13b_e1__vul_line__prompt/metrics.json,可作为闭合结果,,
remote_codellama_13b_e1__vul_line__qlora,双向闭合,应跑缺口明细!R205; 全部结果指标!R37; line指标!R14,artifacts/metrics/remote_codellama_13b_e1__vul_line__qlora/metrics.json,可作为闭合结果,,
remote_codellama_13b_e1__vul_type__direct,双向闭合,应跑缺口明细!R200; 全部结果指标!R38; type指标!R12,artifacts/metrics/remote_codellama_13b_e1__vul_type__direct/metrics.json,可作为闭合结果,,
remote_codellama_13b_e1__vul_type__prompt,双向闭合,应跑缺口明细!R201; 全部结果指标!R39; type指标!R13,artifacts/metrics/remote_codellama_13b_e1__vul_type__prompt/metrics.json,可作为闭合结果,,
remote_codellama_13b_e1__vul_type__qlora,双向闭合,应跑缺口明细!R202; 全部结果指标!R40; type指标!R14,artifacts/metrics/remote_codellama_13b_e1__vul_type__qlora/metrics.json,可作为闭合结果,,
remote_codellama_34b_e1__has_vul__direct,Excel有-本地镜像缺失,全部结果指标!R41,,artifacts/remote_codellama_34b_e1__has_vul__direct/镜像缺失；若正文引用，需重新定位或补拉结果,artifacts/remote_codellama_34b_e1__has_vul__direct/同方法替代run,remote_codellama34b_e1_gpu2_has_vul_vul_type__has_vul__direct
remote_codellama_7b_e1__has_vul__direct,双向闭合,全部结果指标!R51,artifacts/metrics/remote_codellama_7b_e1__has_vul__direct/metrics.json,可作为闭合结果,,
remote_codellama_7b_e1__has_vul__prompt,Excel有-本地镜像缺失,全部结果指标!R53,,artifacts/remote_codellama_7b_e1__has_vul__prompt/镜像缺失；若正文引用，需重新定位或补拉结果,artifacts/remote_codellama_7b_e1__has_vul__prompt/同方法替代run,remote_codellama_7b_e1_gpu4_retry__has_vul__prompt
remote_codellama_7b_e1_gpu4_retry__has_vul__direct,双向闭合,应跑缺口明细!R188; 全部结果指标!R52; has指标!R18,artifacts/metrics/remote_codellama_7b_e1_gpu4_retry__has_vul__direct/metrics.json,可作为闭合结果,,
remote_codellama_7b_e1_gpu4_retry__has_vul__prompt,双向闭合,应跑缺口明细!R189; 全部结果指标!R54; has指标!R19,artifacts/metrics/remote_codellama_7b_e1_gpu4_retry__has_vul__prompt/metrics.json,可作为闭合结果,,
remote_codellama_7b_e1_gpu4_retry__has_vul__qlora,Excel有-本地镜像缺失,应跑缺口明细!R190; 全部结果指标!R55; has指标!R20,,artifacts/remote_codellama_7b_e1_gpu4_retry__has_vul__qlora/镜像缺失；若正文引用，需重新定位或补拉结果,表内历史记录或镜像缺失，需按正文是否引用决定是否补拉,
remote_codellama_7b_e1_gpu4_retry__vul_line__direct,Excel有-本地镜像缺失,应跑缺口明细!R194; 全部结果指标!R56; line指标!R17,,artifacts/remote_codellama_7b_e1_gpu4_retry__vul_line__direct/镜像缺失；若正文引用，需重新定位或补拉结果,artifacts/metrics/remote_codellama_7b_e1_gpu4_retry__vul_line__direct/metrics.json,
remote_codellama_7b_e1_gpu4_retry__vul_line__prompt,双向闭合,应跑缺口明细!R195; 全部结果指标!R57; line指标!R18,artifacts/metrics/remote_codellama_7b_e1_gpu4_retry__vul_line__prompt/metrics.json,可作为闭合结果,,
remote_codellama_7b_e1_gpu4_retry__vul_line__qlora,Excel有-本地镜像缺失,全部结果指标!R59,,artifacts/remote_codellama_7b_e1_gpu4_retry__vul_line__qlora/镜像缺失；若正文引用，需重新定位或补拉结果,表内历史记录或镜像缺失，需按正文是否引用决定是否补拉,
remote_codellama_7b_e1_gpu4_retry__vul_type__direct,Excel有-本地镜像缺失,应跑缺口明细!R191; 全部结果指标!R60; type指标!R18,,artifacts/remote_codellama_7b_e1_gpu4_retry__vul_type__direct/镜像缺失；若正文引用，需重新定位或补拉结果,artifacts/metrics/remote_codellama_7b_e1_gpu4_retry__vul_type__direct/metrics.json,
remote_codellama_7b_e1_gpu4_retry__vul_type__prompt,Excel有-本地镜像缺失,应跑缺口明细!R192; 全部结果指标!R61; type指标!R19,,artifacts/remote_codellama_7b_e1_gpu4_retry__vul_type__prompt/镜像缺失；若正文引用，需重新定位或补拉结果,artifacts/metrics/remote_codellama_7b_e1_gpu4_retry__vul_type__prompt/metrics.json,
remote_codellama_7b_e1_gpu4_retry__vul_type__qlora,双向闭合,应跑缺口明细!R193; 全部结果指标!R62; type指标!R20,artifacts/metrics/remote_codellama_7b_e1_gpu4_retry__vul_type__qlora/metrics.json,可作为闭合结果,,
remote_deepseekcoder33b_e1__has_vul__direct,Excel有-本地镜像缺失,应跑缺口明细!R98; 全部结果指标!R75; has指标!R25,,artifacts/remote_deepseekcoder33b_e1__has_vul__direct/镜像缺失；若正文引用，需重新定位或补拉结果,artifacts/metrics/remote_deepseekcoder33b_e1__has_vul__direct/metrics.json,
remote_deepseekcoder33b_e1__has_vul__prompt,双向闭合,应跑缺口明细!R99; 全部结果指标!R76; has指标!R26,artifacts/metrics/remote_deepseekcoder33b_e1__has_vul__prompt/metrics.json,可作为闭合结果,,
remote_deepseekcoder33b_e1__has_vul__qlora,双向闭合,应跑缺口明细!R100; 全部结果指标!R77; has指标!R27,artifacts/metrics/remote_deepseekcoder33b_e1__has_vul__qlora/metrics.json,可作为闭合结果,,
remote_deepseekcoder33b_e1__vul_line__direct,Excel有-本地镜像缺失,应跑缺口明细!R104; 全部结果指标!R78,,artifacts/remote_deepseekcoder33b_e1__vul_line__direct/镜像缺失；若正文引用，需重新定位或补拉结果,artifacts/metrics/remote_deepseekcoder33b_e1__vul_line__direct/metrics.json,
remote_deepseekcoder33b_e1__vul_type__direct,双向闭合,应跑缺口明细!R101; 全部结果指标!R81; type指标!R25,artifacts/metrics/remote_deepseekcoder33b_e1__vul_type__direct/metrics.json,可作为闭合结果,,
remote_deepseekcoder33b_e1__vul_type__prompt,双向闭合,应跑缺口明细!R102; 全部结果指标!R82; type指标!R26,artifacts/metrics/remote_deepseekcoder33b_e1__vul_type__prompt/metrics.json,可作为闭合结果,,
remote_deepseekcoder33b_e1__vul_type__qlora,Excel有-本地镜像缺失,应跑缺口明细!R103; 全部结果指标!R83; type指标!R27,,artifacts/remote_deepseekcoder33b_e1__vul_type__qlora/镜像缺失；若正文引用，需重新定位或补拉结果,表内历史记录或镜像缺失，需按正文是否引用决定是否补拉,
remote_deepseekcoder33b_e1_gpu2_vul_line_qlora_split__vul_line__qlora,双向闭合,应跑缺口明细!R106; 全部结果指标!R80,artifacts/metrics/remote_deepseekcoder33b_e1_gpu2_vul_line_qlora_split__vul_line__qlora/metrics.json,可作为闭合结果,,
remote_deepseekcoder33b_e1_gpu5_vul_line_prompt_split__vul_line__prompt,双向闭合,应跑缺口明细!R105; 全部结果指标!R79,artifacts/metrics/remote_deepseekcoder33b_e1_gpu5_vul_line_prompt_split__vul_line__prompt/metrics.json,可作为闭合结果,,
remote_deepseekcoder67b_e1__has_vul__direct,双向闭合,应跑缺口明细!R89; 全部结果指标!R84; has指标!R28,artifacts/metrics/remote_deepseekcoder67b_e1__has_vul__direct/metrics.json,可作为闭合结果,,
remote_deepseekcoder67b_e1__has_vul__prompt,双向闭合,应跑缺口明细!R90; 全部结果指标!R85; has指标!R29,artifacts/metrics/remote_deepseekcoder67b_e1__has_vul__prompt/metrics.json,可作为闭合结果,,
remote_deepseekcoder67b_e1__has_vul__qlora,双向闭合,应跑缺口明细!R91; 全部结果指标!R86; has指标!R30,artifacts/metrics/remote_deepseekcoder67b_e1__has_vul__qlora/metrics.json,可作为闭合结果,,
remote_deepseekcoder67b_e1__vul_line__direct,双向闭合,应跑缺口明细!R95; 全部结果指标!R87; line指标!R23,artifacts/metrics/remote_deepseekcoder67b_e1__vul_line__direct/metrics.json,可作为闭合结果,,
remote_deepseekcoder67b_e1__vul_line__prompt,双向闭合,应跑缺口明细!R96; 全部结果指标!R88; line指标!R24,artifacts/metrics/remote_deepseekcoder67b_e1__vul_line__prompt/metrics.json,可作为闭合结果,,
remote_deepseekcoder67b_e1__vul_line__qlora,双向闭合,应跑缺口明细!R97; 全部结果指标!R89; line指标!R25,artifacts/metrics/remote_deepseekcoder67b_e1__vul_line__qlora/metrics.json,可作为闭合结果,,
remote_deepseekcoder67b_e1__vul_type__direct,双向闭合,应跑缺口明细!R92; 全部结果指标!R90; type指标!R28,artifacts/metrics/remote_deepseekcoder67b_e1__vul_type__direct/metrics.json,可作为闭合结果,,
remote_deepseekcoder67b_e1__vul_type__prompt,双向闭合,应跑缺口明细!R93; 全部结果指标!R91; type指标!R29,artifacts/metrics/remote_deepseekcoder67b_e1__vul_type__prompt/metrics.json,可作为闭合结果,,
remote_deepseekcoder67b_e1__vul_type__qlora,双向闭合,应跑缺口明细!R94; 全部结果指标!R92; type指标!R30,artifacts/metrics/remote_deepseekcoder67b_e1__vul_type__qlora/metrics.json,可作为闭合结果,,
remote_granite_20b_code_base_e1__has_vul__direct,双向闭合,应跑缺口明细!R179; 全部结果指标!R119; has指标!R40,artifacts/metrics/remote_granite_20b_code_base_e1__has_vul__direct/metrics.json,可作为闭合结果,,
remote_granite_20b_code_base_e1__has_vul__prompt,双向闭合,应跑缺口明细!R180; 全部结果指标!R120; has指标!R41,artifacts/metrics/remote_granite_20b_code_base_e1__has_vul__prompt/metrics.json,可作为闭合结果,,
remote_granite_20b_code_base_e1__has_vul__qlora,双向闭合,应跑缺口明细!R181; 全部结果指标!R121; has指标!R42,artifacts/metrics/remote_granite_20b_code_base_e1__has_vul__qlora/metrics.json,可作为闭合结果,,
remote_granite_20b_code_base_e1__vul_line__direct,双向闭合,应跑缺口明细!R185; 全部结果指标!R122; line指标!R33,artifacts/metrics/remote_granite_20b_code_base_e1__vul_line__direct/metrics.json,可作为闭合结果,,
remote_granite_20b_code_base_e1__vul_line__prompt,Excel有-本地镜像缺失,应跑缺口明细!R186; 全部结果指标!R123; line指标!R34,,artifacts/remote_granite_20b_code_base_e1__vul_line__prompt/镜像缺失；若正文引用，需重新定位或补拉结果,artifacts/metrics/remote_granite_20b_code_base_e1__vul_line__prompt/metrics.json,
remote_granite_20b_code_base_e1__vul_line__qlora,双向闭合,应跑缺口明细!R187; 全部结果指标!R124; line指标!R35,artifacts/metrics/remote_granite_20b_code_base_e1__vul_line__qlora/metrics.json,可作为闭合结果,,
remote_granite_20b_code_base_e1__vul_type__direct,双向闭合,应跑缺口明细!R182; 全部结果指标!R125; type指标!R38,artifacts/metrics/remote_granite_20b_code_base_e1__vul_type__direct/metrics.json,可作为闭合结果,,
remote_granite_20b_code_base_e1__vul_type__prompt,双向闭合,应跑缺口明细!R183; 全部结果指标!R126; type指标!R39,artifacts/metrics/remote_granite_20b_code_base_e1__vul_type__prompt/metrics.json,可作为闭合结果,,
remote_granite_20b_code_base_e1__vul_type__qlora,双向闭合,应跑缺口明细!R184; 全部结果指标!R127; type指标!R40,artifacts/metrics/remote_granite_20b_code_base_e1__vul_type__qlora/metrics.json,可作为闭合结果,,
remote_granite_3b_code_base_e1__has_vul__direct,双向闭合,应跑缺口明细!R158; 全部结果指标!R128; has指标!R43,artifacts/metrics/remote_granite_3b_code_base_e1__has_vul__direct/metrics.json,可作为闭合结果,,
remote_granite_3b_code_base_e1__has_vul__full,双向闭合,应跑缺口明细!R160; 全部结果指标!R129; has指标!R44,artifacts/metrics/remote_granite_3b_code_base_e1__has_vul__full/metrics.json,可作为闭合结果,,
remote_granite_3b_code_base_e1__has_vul__prompt,双向闭合,应跑缺口明细!R159; 全部结果指标!R130; has指标!R45,artifacts/metrics/remote_granite_3b_code_base_e1__has_vul__prompt/metrics.json,可作为闭合结果,,
remote_granite_3b_code_base_e1__has_vul__qlora,双向闭合,应跑缺口明细!R161; 全部结果指标!R131; has指标!R46,artifacts/metrics/remote_granite_3b_code_base_e1__has_vul__qlora/metrics.json,可作为闭合结果,,
remote_granite_3b_code_base_e1__vul_line__direct,双向闭合,应跑缺口明细!R166; 全部结果指标!R132; line指标!R36,artifacts/metrics/remote_granite_3b_code_base_e1__vul_line__direct/metrics.json,可作为闭合结果,,
remote_granite_3b_code_base_e1__vul_line__full,双向闭合,应跑缺口明细!R168; 全部结果指标!R133; line指标!R37,artifacts/metrics/remote_granite_3b_code_base_e1__vul_line__full/metrics.json,可作为闭合结果,,
remote_granite_3b_code_base_e1__vul_line__prompt,双向闭合,应跑缺口明细!R167; 全部结果指标!R134; line指标!R38,artifacts/metrics/remote_granite_3b_code_base_e1__vul_line__prompt/metrics.json,可作为闭合结果,,
remote_granite_3b_code_base_e1__vul_line__qlora,双向闭合,应跑缺口明细!R169; 全部结果指标!R135; line指标!R39,artifacts/metrics/remote_granite_3b_code_base_e1__vul_line__qlora/metrics.json,可作为闭合结果,,
remote_granite_3b_code_base_e1__vul_type__direct,双向闭合,应跑缺口明细!R162; 全部结果指标!R136; type指标!R41,artifacts/metrics/remote_granite_3b_code_base_e1__vul_type__direct/metrics.json,可作为闭合结果,,
remote_granite_3b_code_base_e1__vul_type__full,双向闭合,应跑缺口明细!R164; 全部结果指标!R137; type指标!R42,artifacts/metrics/remote_granite_3b_code_base_e1__vul_type__full/metrics.json,可作为闭合结果,,
remote_granite_3b_code_base_e1__vul_type__prompt,双向闭合,应跑缺口明细!R163; 全部结果指标!R138; type指标!R43,artifacts/metrics/remote_granite_3b_code_base_e1__vul_type__prompt/metrics.json,可作为闭合结果,,
remote_granite_3b_code_base_e1__vul_type__qlora,双向闭合,应跑缺口明细!R165; 全部结果指标!R139; type指标!R44,artifacts/metrics/remote_granite_3b_code_base_e1__vul_type__qlora/metrics.json,可作为闭合结果,,
remote_granite_8b_code_base_e1__has_vul__direct,双向闭合,应跑缺口明细!R170; 全部结果指标!R140; has指标!R47,artifacts/metrics/remote_granite_8b_code_base_e1__has_vul__direct/metrics.json,可作为闭合结果,,
remote_granite_8b_code_base_e1__has_vul__prompt,双向闭合,应跑缺口明细!R171; 全部结果指标!R141; has指标!R48,artifacts/metrics/remote_granite_8b_code_base_e1__has_vul__prompt/metrics.json,可作为闭合结果,,
remote_granite_8b_code_base_e1__has_vul__qlora,双向闭合,应跑缺口明细!R172; 全部结果指标!R142; has指标!R49,artifacts/metrics/remote_granite_8b_code_base_e1__has_vul__qlora/metrics.json,可作为闭合结果,,
remote_granite_8b_code_base_e1__vul_line__direct,双向闭合,应跑缺口明细!R176; 全部结果指标!R143; line指标!R40,artifacts/metrics/remote_granite_8b_code_base_e1__vul_line__direct/metrics.json,可作为闭合结果,,
remote_granite_8b_code_base_e1__vul_line__prompt,双向闭合,应跑缺口明细!R177; 全部结果指标!R144; line指标!R41,artifacts/metrics/remote_granite_8b_code_base_e1__vul_line__prompt/metrics.json,可作为闭合结果,,
remote_granite_8b_code_base_e1__vul_line__qlora,双向闭合,应跑缺口明细!R178; 全部结果指标!R145; line指标!R42,artifacts/metrics/remote_granite_8b_code_base_e1__vul_line__qlora/metrics.json,可作为闭合结果,,
remote_granite_8b_code_base_e1__vul_type__direct,双向闭合,应跑缺口明细!R173; 全部结果指标!R146; type指标!R45,artifacts/metrics/remote_granite_8b_code_base_e1__vul_type__direct/metrics.json,可作为闭合结果,,
remote_granite_8b_code_base_e1__vul_type__prompt,双向闭合,应跑缺口明细!R174; 全部结果指标!R147; type指标!R46,artifacts/metrics/remote_granite_8b_code_base_e1__vul_type__prompt/metrics.json,可作为闭合结果,,
remote_granite_8b_code_base_e1__vul_type__qlora,双向闭合,应跑缺口明细!R175; 全部结果指标!R148; type指标!R47,artifacts/metrics/remote_granite_8b_code_base_e1__vul_type__qlora/metrics.json,可作为闭合结果,,
remote_qwen25coder14b_e1__has_vul__direct,双向闭合,应跑缺口明细!R59; 全部结果指标!R248; has指标!R78,artifacts/metrics/remote_qwen25coder14b_e1__has_vul__direct/metrics.json,可作为闭合结果,,
remote_qwen25coder14b_e1__has_vul__prompt,双向闭合,应跑缺口明细!R60; 全部结果指标!R249; has指标!R79,artifacts/metrics/remote_qwen25coder14b_e1__has_vul__prompt/metrics.json,可作为闭合结果,,
remote_qwen25coder14b_e1__has_vul__qlora,双向闭合,应跑缺口明细!R61; 全部结果指标!R250; has指标!R80,artifacts/metrics/remote_qwen25coder14b_e1__has_vul__qlora/metrics.json,可作为闭合结果,,
remote_qwen25coder14b_e1__vul_line__direct,双向闭合,应跑缺口明细!R65; 全部结果指标!R251; line指标!R82,artifacts/metrics/remote_qwen25coder14b_e1__vul_line__direct/metrics.json,可作为闭合结果,,
remote_qwen25coder14b_e1__vul_line__prompt,双向闭合,应跑缺口明细!R66; 全部结果指标!R252; line指标!R83,artifacts/metrics/remote_qwen25coder14b_e1__vul_line__prompt/metrics.json,可作为闭合结果,,
remote_qwen25coder14b_e1__vul_line__qlora,双向闭合,应跑缺口明细!R67; 全部结果指标!R253; line指标!R84,artifacts/metrics/remote_qwen25coder14b_e1__vul_line__qlora/metrics.json,可作为闭合结果,,
remote_qwen25coder14b_e1__vul_type__direct,双向闭合,应跑缺口明细!R62; 全部结果指标!R254; type指标!R79,artifacts/metrics/remote_qwen25coder14b_e1__vul_type__direct/metrics.json,可作为闭合结果,,
remote_qwen25coder14b_e1__vul_type__prompt,双向闭合,应跑缺口明细!R63; 全部结果指标!R255; type指标!R80,artifacts/metrics/remote_qwen25coder14b_e1__vul_type__prompt/metrics.json,可作为闭合结果,,
remote_qwen25coder14b_e1__vul_type__qlora,双向闭合,应跑缺口明细!R64; 全部结果指标!R256; type指标!R81,artifacts/metrics/remote_qwen25coder14b_e1__vul_type__qlora/metrics.json,可作为闭合结果,,
remote_qwen25coder32b_e1__has_vul__direct,Excel有-本地镜像缺失,全部结果指标!R257; 全部结果指标!R258,,artifacts/remote_qwen25coder32b_e1__has_vul__direct/镜像缺失；若正文引用，需重新定位或补拉结果,artifacts/remote_qwen25coder32b_e1__has_vul__direct/同方法替代run,remote_qwen25coder32b_e1_gpu6__has_vul__direct
remote_qwen25coder32b_e1_gpu6__has_vul__direct,双向闭合,应跑缺口明细!R68; 全部结果指标!R259; has指标!R81,artifacts/metrics/remote_qwen25coder32b_e1_gpu6__has_vul__direct/metrics.json,可作为闭合结果,,
remote_qwen25coder32b_e1_gpu6__has_vul__prompt,双向闭合,应跑缺口明细!R69; 全部结果指标!R260; has指标!R82,artifacts/metrics/remote_qwen25coder32b_e1_gpu6__has_vul__prompt/metrics.json,可作为闭合结果,,
remote_qwen25coder32b_e1_gpu6__has_vul__qlora,双向闭合,应跑缺口明细!R70; 全部结果指标!R261; has指标!R83,artifacts/metrics/remote_qwen25coder32b_e1_gpu6__has_vul__qlora/metrics.json,可作为闭合结果,,
remote_qwen25coder32b_e1_gpu6__vul_line__direct,双向闭合,应跑缺口明细!R74; 全部结果指标!R262; line指标!R85,artifacts/metrics/remote_qwen25coder32b_e1_gpu6__vul_line__direct/metrics.json,可作为闭合结果,,
remote_qwen25coder32b_e1_gpu6__vul_line__prompt,双向闭合,应跑缺口明细!R75; 全部结果指标!R263; line指标!R86,artifacts/metrics/remote_qwen25coder32b_e1_gpu6__vul_line__prompt/metrics.json,可作为闭合结果,,
remote_qwen25coder32b_e1_gpu6__vul_line__qlora,双向闭合,应跑缺口明细!R76; 全部结果指标!R264,artifacts/metrics/remote_qwen25coder32b_e1_gpu6__vul_line__qlora/metrics.json,可作为闭合结果,,
remote_qwen25coder32b_e1_gpu6__vul_type__direct,双向闭合,应跑缺口明细!R71; 全部结果指标!R265; type指标!R82,artifacts/metrics/remote_qwen25coder32b_e1_gpu6__vul_type__direct/metrics.json,可作为闭合结果,,
remote_qwen25coder32b_e1_gpu6__vul_type__prompt,双向闭合,应跑缺口明细!R72; 全部结果指标!R266; type指标!R83,artifacts/metrics/remote_qwen25coder32b_e1_gpu6__vul_type__prompt/metrics.json,可作为闭合结果,,
remote_qwen25coder32b_e1_gpu6__vul_type__qlora,Excel有-本地镜像缺失,应跑缺口明细!R73; 全部结果指标!R267,,artifacts/remote_qwen25coder32b_e1_gpu6__vul_type__qlora/镜像缺失；若正文引用，需重新定位或补拉结果,表内历史记录或镜像缺失，需按正文是否引用决定是否补拉,
remote_qwen25coder7b_e1__has_vul__direct,双向闭合,应跑缺口明细!R50; 全部结果指标!R281; has指标!R88,artifacts/metrics/remote_qwen25coder7b_e1__has_vul__direct/metrics.json,可作为闭合结果,,
remote_qwen25coder7b_e1__has_vul__prompt,双向闭合,应跑缺口明细!R51; 全部结果指标!R282; has指标!R89,artifacts/metrics/remote_qwen25coder7b_e1__has_vul__prompt/metrics.json,可作为闭合结果,,
remote_qwen25coder7b_e1__has_vul__qlora,双向闭合,应跑缺口明细!R52; 全部结果指标!R283; has指标!R90,artifacts/metrics/remote_qwen25coder7b_e1__has_vul__qlora/metrics.json,可作为闭合结果,,
remote_qwen25coder7b_e1__vul_line__direct,双向闭合,应跑缺口明细!R56; 全部结果指标!R284; line指标!R91,artifacts/metrics/remote_qwen25coder7b_e1__vul_line__direct/metrics.json,可作为闭合结果,,
remote_qwen25coder7b_e1__vul_line__prompt,双向闭合,应跑缺口明细!R57; 全部结果指标!R285; line指标!R92,artifacts/metrics/remote_qwen25coder7b_e1__vul_line__prompt/metrics.json,可作为闭合结果,,
remote_qwen25coder7b_e1__vul_line__qlora,双向闭合,应跑缺口明细!R58; 全部结果指标!R286; line指标!R93,artifacts/metrics/remote_qwen25coder7b_e1__vul_line__qlora/metrics.json,可作为闭合结果,,
remote_qwen25coder7b_e1__vul_type__direct,双向闭合,应跑缺口明细!R53; 全部结果指标!R287; type指标!R88,artifacts/metrics/remote_qwen25coder7b_e1__vul_type__direct/metrics.json,可作为闭合结果,,
remote_qwen25coder7b_e1__vul_type__prompt,双向闭合,应跑缺口明细!R54; 全部结果指标!R288; type指标!R89,artifacts/metrics/remote_qwen25coder7b_e1__vul_type__prompt/metrics.json,可作为闭合结果,,
remote_qwen25coder7b_e1__vul_type__qlora,双向闭合,应跑缺口明细!R55; 全部结果指标!R289; type指标!R90,artifacts/metrics/remote_qwen25coder7b_e1__vul_type__qlora/metrics.json,可作为闭合结果,,
remote_starcoder2_15b_e1__has_vul__direct,双向闭合,应跑缺口明细!R128; 全部结果指标!R2; has指标!R2,artifacts/metrics/remote_starcoder2_15b_e1__has_vul__direct/metrics.json,可作为闭合结果,,
remote_starcoder2_15b_e1__has_vul__prompt,双向闭合,应跑缺口明细!R129; 全部结果指标!R3; has指标!R3,artifacts/metrics/remote_starcoder2_15b_e1__has_vul__prompt/metrics.json,可作为闭合结果,,
remote_starcoder2_15b_e1__has_vul__qlora,双向闭合,应跑缺口明细!R130; 全部结果指标!R4; has指标!R4,artifacts/metrics/remote_starcoder2_15b_e1__has_vul__qlora/metrics.json,可作为闭合结果,,
remote_starcoder2_15b_e1__vul_line__direct,双向闭合,应跑缺口明细!R134; 全部结果指标!R5; line指标!R2,artifacts/metrics/remote_starcoder2_15b_e1__vul_line__direct/metrics.json,可作为闭合结果,,
remote_starcoder2_15b_e1__vul_line__prompt,双向闭合,应跑缺口明细!R135; 全部结果指标!R6; line指标!R3,artifacts/metrics/remote_starcoder2_15b_e1__vul_line__prompt/metrics.json,可作为闭合结果,,
remote_starcoder2_15b_e1__vul_line__qlora,双向闭合,应跑缺口明细!R136; 全部结果指标!R7; line指标!R4,artifacts/metrics/remote_starcoder2_15b_e1__vul_line__qlora/metrics.json,可作为闭合结果,,
remote_starcoder2_15b_e1__vul_type__direct,双向闭合,应跑缺口明细!R131; 全部结果指标!R8; type指标!R2,artifacts/metrics/remote_starcoder2_15b_e1__vul_type__direct/metrics.json,可作为闭合结果,,
remote_starcoder2_15b_e1__vul_type__prompt,双向闭合,应跑缺口明细!R132; 全部结果指标!R9; type指标!R3,artifacts/metrics/remote_starcoder2_15b_e1__vul_type__prompt/metrics.json,可作为闭合结果,,
remote_starcoder2_15b_e1__vul_type__qlora,双向闭合,应跑缺口明细!R133; 全部结果指标!R10; type指标!R4,artifacts/metrics/remote_starcoder2_15b_e1__vul_type__qlora/metrics.json,可作为闭合结果,,
remote_starcoder2_3b_e1__has_vul__direct,双向闭合,应跑缺口明细!R107; 全部结果指标!R11; has指标!R5,artifacts/metrics/remote_starcoder2_3b_e1__has_vul__direct/metrics.json,可作为闭合结果,,
remote_starcoder2_3b_e1__has_vul__full,双向闭合,应跑缺口明细!R109; 全部结果指标!R12; has指标!R6,artifacts/metrics/remote_starcoder2_3b_e1__has_vul__full/metrics.json,可作为闭合结果,,
remote_starcoder2_3b_e1__has_vul__prompt,双向闭合,应跑缺口明细!R108; 全部结果指标!R13; has指标!R7,artifacts/metrics/remote_starcoder2_3b_e1__has_vul__prompt/metrics.json,可作为闭合结果,,
remote_starcoder2_3b_e1__has_vul__qlora,双向闭合,应跑缺口明细!R110; 全部结果指标!R14; has指标!R8,artifacts/metrics/remote_starcoder2_3b_e1__has_vul__qlora/metrics.json,可作为闭合结果,,
remote_starcoder2_3b_e1__vul_line__direct,双向闭合,应跑缺口明细!R115; 全部结果指标!R15; line指标!R5,artifacts/metrics/remote_starcoder2_3b_e1__vul_line__direct/metrics.json,可作为闭合结果,,
remote_starcoder2_3b_e1__vul_line__full,双向闭合,应跑缺口明细!R117; 全部结果指标!R16; line指标!R6,artifacts/metrics/remote_starcoder2_3b_e1__vul_line__full/metrics.json,可作为闭合结果,,
remote_starcoder2_3b_e1__vul_line__prompt,双向闭合,应跑缺口明细!R116; 全部结果指标!R17; line指标!R7,artifacts/metrics/remote_starcoder2_3b_e1__vul_line__prompt/metrics.json,可作为闭合结果,,
remote_starcoder2_3b_e1__vul_line__qlora,双向闭合,应跑缺口明细!R118; 全部结果指标!R18; line指标!R8,artifacts/metrics/remote_starcoder2_3b_e1__vul_line__qlora/metrics.json,可作为闭合结果,,
remote_starcoder2_3b_e1__vul_type__direct,双向闭合,应跑缺口明细!R111; 全部结果指标!R19; type指标!R5,artifacts/metrics/remote_starcoder2_3b_e1__vul_type__direct/metrics.json,可作为闭合结果,,
remote_starcoder2_3b_e1__vul_type__full,双向闭合,应跑缺口明细!R113; 全部结果指标!R20; type指标!R6,artifacts/metrics/remote_starcoder2_3b_e1__vul_type__full/metrics.json,可作为闭合结果,,
remote_starcoder2_3b_e1__vul_type__prompt,双向闭合,应跑缺口明细!R112; 全部结果指标!R21; type指标!R7,artifacts/metrics/remote_starcoder2_3b_e1__vul_type__prompt/metrics.json,可作为闭合结果,,
remote_starcoder2_3b_e1__vul_type__qlora,双向闭合,应跑缺口明细!R114; 全部结果指标!R22; type指标!R8,artifacts/metrics/remote_starcoder2_3b_e1__vul_type__qlora/metrics.json,可作为闭合结果,,
remote_starcoder2_7b_e1__has_vul__direct,双向闭合,应跑缺口明细!R119; 全部结果指标!R23; has指标!R9,artifacts/metrics/remote_starcoder2_7b_e1__has_vul__direct/metrics.json,可作为闭合结果,,
remote_starcoder2_7b_e1__has_vul__prompt,双向闭合,应跑缺口明细!R120; 全部结果指标!R24; has指标!R10,artifacts/metrics/remote_starcoder2_7b_e1__has_vul__prompt/metrics.json,可作为闭合结果,,
remote_starcoder2_7b_e1__has_vul__qlora,双向闭合,应跑缺口明细!R121; 全部结果指标!R25; has指标!R11,artifacts/metrics/remote_starcoder2_7b_e1__has_vul__qlora/metrics.json,可作为闭合结果,,
remote_starcoder2_7b_e1__vul_line__direct,双向闭合,应跑缺口明细!R125; 全部结果指标!R26; line指标!R9,artifacts/metrics/remote_starcoder2_7b_e1__vul_line__direct/metrics.json,可作为闭合结果,,
remote_starcoder2_7b_e1__vul_line__prompt,双向闭合,应跑缺口明细!R126; 全部结果指标!R27; line指标!R10,artifacts/metrics/remote_starcoder2_7b_e1__vul_line__prompt/metrics.json,可作为闭合结果,,
remote_starcoder2_7b_e1__vul_line__qlora,双向闭合,应跑缺口明细!R127; 全部结果指标!R28; line指标!R11,artifacts/metrics/remote_starcoder2_7b_e1__vul_line__qlora/metrics.json,可作为闭合结果,,
remote_starcoder2_7b_e1__vul_type__direct,双向闭合,应跑缺口明细!R122; 全部结果指标!R29; type指标!R9,artifacts/metrics/remote_starcoder2_7b_e1__vul_type__direct/metrics.json,可作为闭合结果,,
remote_starcoder2_7b_e1__vul_type__prompt,双向闭合,应跑缺口明细!R123; 全部结果指标!R30; type指标!R10,artifacts/metrics/remote_starcoder2_7b_e1__vul_type__prompt/metrics.json,可作为闭合结果,,
remote_starcoder2_7b_e1__vul_type__qlora,双向闭合,应跑缺口明细!R124; 全部结果指标!R31; type指标!R11,artifacts/metrics/remote_starcoder2_7b_e1__vul_type__qlora/metrics.json,可作为闭合结果,,
remote_wizardcoder_python_7b_e1__has_vul__direct,Excel有-本地镜像缺失,全部结果指标!R298; 全部结果指标!R299,,artifacts/remote_wizardcoder_python_7b_e1__has_vul__direct/镜像缺失；若正文引用，需重新定位或补拉结果,artifacts/metrics/remote_wizardcoder_python_7b_e1__has_vul__direct/metrics.json,
remote_wizardcoder_python_7b_e1_gpu1_vul_line_prompt_qlora__vul_line__qlora,双向闭合,应跑缺口明细!R223; 全部结果指标!R305; 全部结果指标!R306; line指标!R96; line指标!R97,artifacts/metrics/remote_wizardcoder_python_7b_e1_gpu1_vul_line_prompt_qlora__vul_line__qlora/metrics.json,可作为闭合结果,,
formal_balanced721_qwen25coder15b_e1__has_vul__direct,双向闭合,应跑缺口明细!R26; 全部结果指标!R235; has指标!R74,artifacts/metrics/formal_balanced721_qwen25coder15b_e1__has_vul__direct/metrics.json,可作为闭合结果,,
formal_balanced721_qwen25coder15b_e1__has_vul__full,双向闭合,应跑缺口明细!R28; 全部结果指标!R236; has指标!R75,artifacts/metrics/formal_balanced721_qwen25coder15b_e1__has_vul__full/metrics.json,可作为闭合结果,,
formal_balanced721_qwen25coder15b_e1__has_vul__prompt,双向闭合,应跑缺口明细!R27; 全部结果指标!R237; has指标!R76,artifacts/metrics/formal_balanced721_qwen25coder15b_e1__has_vul__prompt/metrics.json,可作为闭合结果,,
formal_balanced721_qwen25coder15b_e1__has_vul__qlora,双向闭合,应跑缺口明细!R29; 全部结果指标!R238; has指标!R77,artifacts/metrics/formal_balanced721_qwen25coder15b_e1__has_vul__qlora/metrics.json,可作为闭合结果,,
formal_balanced721_qwen25coder15b_e1__vul_line__direct,双向闭合,应跑缺口明细!R34; 全部结果指标!R239; line指标!R77,artifacts/metrics/formal_balanced721_qwen25coder15b_e1__vul_line__direct/metrics.json,可作为闭合结果,,
formal_balanced721_qwen25coder15b_e1__vul_line__full,双向闭合,应跑缺口明细!R36; 全部结果指标!R240; line指标!R78,artifacts/metrics/formal_balanced721_qwen25coder15b_e1__vul_line__full/metrics.json,可作为闭合结果,,
formal_balanced721_qwen25coder15b_e1__vul_line__prompt,双向闭合,应跑缺口明细!R35; 全部结果指标!R241; line指标!R79,artifacts/metrics/formal_balanced721_qwen25coder15b_e1__vul_line__prompt/metrics.json,可作为闭合结果,,
formal_balanced721_qwen25coder15b_e1__vul_line__qlora,双向闭合,应跑缺口明细!R37; 全部结果指标!R242; line指标!R80,artifacts/metrics/formal_balanced721_qwen25coder15b_e1__vul_line__qlora/metrics.json,可作为闭合结果,,
formal_balanced721_qwen25coder15b_e1__vul_type__direct,双向闭合,应跑缺口明细!R30; 全部结果指标!R244; type指标!R75,artifacts/metrics/formal_balanced721_qwen25coder15b_e1__vul_type__direct/metrics.json,可作为闭合结果,,
formal_balanced721_qwen25coder15b_e1__vul_type__full,双向闭合,应跑缺口明细!R32; 全部结果指标!R245; type指标!R76,artifacts/metrics/formal_balanced721_qwen25coder15b_e1__vul_type__full/metrics.json,可作为闭合结果,,
formal_balanced721_qwen25coder15b_e1__vul_type__prompt,双向闭合,应跑缺口明细!R31; 全部结果指标!R246; type指标!R77,artifacts/metrics/formal_balanced721_qwen25coder15b_e1__vul_type__prompt/metrics.json,可作为闭合结果,,
formal_balanced721_qwen25coder15b_e1__vul_type__qlora,双向闭合,应跑缺口明细!R33; 全部结果指标!R247; type指标!R78,artifacts/metrics/formal_balanced721_qwen25coder15b_e1__vul_type__qlora/metrics.json,可作为闭合结果,,
large_hasv_qlora_qwen05_inst,双向闭合,全部结果指标!R163; has指标!R58,artifacts/metrics/large_hasv_qlora_qwen05_inst/metrics.json,可作为闭合结果,,
large_vtype_full_qwen05_inst_fp32,双向闭合,全部结果指标!R216; type指标!R56,artifacts/metrics/large_vtype_full_qwen05_inst_fp32/metrics.json,可作为闭合结果,,
machine_a_codegemma2b_e1__has_vul__direct,双向闭合,应跑缺口明细!R137; 全部结果指标!R93; has指标!R31,artifacts/metrics/machine_a_codegemma2b_e1__has_vul__direct/metrics.json,可作为闭合结果,,
machine_a_codegemma2b_e1__has_vul__full,Excel有-本地镜像缺失,全部结果指标!R96,,artifacts/machine_a_codegemma2b_e1__has_vul__full/镜像缺失；若正文引用，需重新定位或补拉结果,artifacts/machine_a_codegemma2b_e1__has_vul__full/同方法替代run,remote_codegemma_2b_e1_gpu4_retry__has_vul__full
machine_a_codegemma2b_e1__has_vul__prompt,双向闭合,应跑缺口明细!R138; 全部结果指标!R98; has指标!R34,artifacts/metrics/machine_a_codegemma2b_e1__has_vul__prompt/metrics.json,可作为闭合结果,,
machine_a_deepseekcoder13b_e1__has_vul__direct,双向闭合,应跑缺口明细!R77; 全部结果指标!R63; has指标!R21,artifacts/metrics/machine_a_deepseekcoder13b_e1__has_vul__direct/metrics.json,可作为闭合结果,,
machine_a_deepseekcoder13b_e1__has_vul__full,双向闭合,应跑缺口明细!R79; 全部结果指标!R64; has指标!R22,artifacts/metrics/machine_a_deepseekcoder13b_e1__has_vul__full/metrics.json,可作为闭合结果,,
machine_a_deepseekcoder13b_e1__has_vul__prompt,双向闭合,应跑缺口明细!R78; 全部结果指标!R65; has指标!R23,artifacts/metrics/machine_a_deepseekcoder13b_e1__has_vul__prompt/metrics.json,可作为闭合结果,,
machine_a_deepseekcoder13b_e1__has_vul__qlora,双向闭合,应跑缺口明细!R80; 全部结果指标!R66; has指标!R24,artifacts/metrics/machine_a_deepseekcoder13b_e1__has_vul__qlora/metrics.json,可作为闭合结果,,
machine_a_deepseekcoder13b_e1__vul_line__direct,双向闭合,应跑缺口明细!R85; 全部结果指标!R67; line指标!R19,artifacts/metrics/machine_a_deepseekcoder13b_e1__vul_line__direct/metrics.json,可作为闭合结果,,
machine_a_deepseekcoder13b_e1__vul_line__full,双向闭合,应跑缺口明细!R87; 全部结果指标!R68; line指标!R20,artifacts/metrics/machine_a_deepseekcoder13b_e1__vul_line__full/metrics.json,可作为闭合结果,,
machine_a_deepseekcoder13b_e1__vul_line__prompt,双向闭合,应跑缺口明细!R86; 全部结果指标!R69; line指标!R21,artifacts/metrics/machine_a_deepseekcoder13b_e1__vul_line__prompt/metrics.json,可作为闭合结果,,
machine_a_deepseekcoder13b_e1__vul_line__qlora,双向闭合,应跑缺口明细!R88; 全部结果指标!R70; line指标!R22,artifacts/metrics/machine_a_deepseekcoder13b_e1__vul_line__qlora/metrics.json,可作为闭合结果,,
machine_a_deepseekcoder13b_e1__vul_type__direct,双向闭合,应跑缺口明细!R81; 全部结果指标!R71; type指标!R21,artifacts/metrics/machine_a_deepseekcoder13b_e1__vul_type__direct/metrics.json,可作为闭合结果,,
machine_a_deepseekcoder13b_e1__vul_type__full,双向闭合,应跑缺口明细!R83; 全部结果指标!R72; type指标!R22,artifacts/metrics/machine_a_deepseekcoder13b_e1__vul_type__full/metrics.json,可作为闭合结果,,
machine_a_deepseekcoder13b_e1__vul_type__prompt,双向闭合,应跑缺口明细!R82; 全部结果指标!R73; type指标!R23,artifacts/metrics/machine_a_deepseekcoder13b_e1__vul_type__prompt/metrics.json,可作为闭合结果,,
machine_a_deepseekcoder13b_e1__vul_type__qlora,双向闭合,应跑缺口明细!R84; 全部结果指标!R74; type指标!R24,artifacts/metrics/machine_a_deepseekcoder13b_e1__vul_type__qlora/metrics.json,可作为闭合结果,,
machine_a_qwen25coder3b_e1__has_vul__direct,双向闭合,应跑缺口明细!R38; 全部结果指标!R268; has指标!R84,artifacts/metrics/machine_a_qwen25coder3b_e1__has_vul__direct/metrics.json,可作为闭合结果,,
machine_a_qwen25coder3b_e1__has_vul__full,Excel有-本地镜像缺失,全部结果指标!R269,,artifacts/machine_a_qwen25coder3b_e1__has_vul__full/镜像缺失；若正文引用，需重新定位或补拉结果,artifacts/machine_a_qwen25coder3b_e1__has_vul__full/同方法替代run,machine_c_qwen25coder3b_full_e1__has_vul__full
machine_a_qwen25coder3b_e1__has_vul__prompt,双向闭合,应跑缺口明细!R39; 全部结果指标!R271; has指标!R86,artifacts/metrics/machine_a_qwen25coder3b_e1__has_vul__prompt/metrics.json,可作为闭合结果,,
machine_a_qwen25coder3b_e1__has_vul__qlora,双向闭合,应跑缺口明细!R41; 全部结果指标!R272; has指标!R87,artifacts/metrics/machine_a_qwen25coder3b_e1__has_vul__qlora/metrics.json,可作为闭合结果,,
machine_a_qwen25coder3b_e1__vul_line__direct,双向闭合,应跑缺口明细!R46; 全部结果指标!R273; line指标!R87,artifacts/metrics/machine_a_qwen25coder3b_e1__vul_line__direct/metrics.json,可作为闭合结果,,
machine_a_qwen25coder3b_e1__vul_line__prompt,双向闭合,应跑缺口明细!R47; 全部结果指标!R275; line指标!R89,artifacts/metrics/machine_a_qwen25coder3b_e1__vul_line__prompt/metrics.json,可作为闭合结果,,
machine_a_qwen25coder3b_e1__vul_line__qlora,双向闭合,补齐前后12条明细!R5; 全部结果指标!R311; line指标!R98,artifacts/metrics/machine_a_qwen25coder3b_e1__vul_line__qlora/metrics.json,可作为闭合结果,,
machine_a_qwen25coder3b_e1__vul_type__direct,双向闭合,应跑缺口明细!R42; 全部结果指标!R277; type指标!R84,artifacts/metrics/machine_a_qwen25coder3b_e1__vul_type__direct/metrics.json,可作为闭合结果,,
machine_a_qwen25coder3b_e1__vul_type__prompt,双向闭合,应跑缺口明细!R43; 全部结果指标!R279; type指标!R86,artifacts/metrics/machine_a_qwen25coder3b_e1__vul_type__prompt/metrics.json,可作为闭合结果,,
machine_a_qwen25coder3b_e1__vul_type__qlora,双向闭合,补齐前后12条明细!R3; 全部结果指标!R310; type指标!R96,artifacts/metrics/machine_a_qwen25coder3b_e1__vul_type__qlora/metrics.json,可作为闭合结果,,
machine_a_wizardcoder_python_7b_e1__has_vul__direct,Excel有-本地镜像缺失,应跑缺口明细!R215; 全部结果指标!R297; has指标!R93,,artifacts/machine_a_wizardcoder_python_7b_e1__has_vul__direct/镜像缺失；若正文引用，需重新定位或补拉结果,artifacts/metrics/machine_a_wizardcoder_python_7b_e1__has_vul__direct/metrics.json,
machine_a_wizardcoder_python_7b_e1__has_vul__prompt,Excel有-本地镜像缺失,应跑缺口明细!R216; 全部结果指标!R300; has指标!R94,,artifacts/machine_a_wizardcoder_python_7b_e1__has_vul__prompt/镜像缺失；若正文引用，需重新定位或补拉结果,artifacts/metrics/machine_a_wizardcoder_python_7b_e1__has_vul__prompt/metrics.json,
machine_a_wizardcoder_python_7b_e1__has_vul__qlora,双向闭合,应跑缺口明细!R217; 全部结果指标!R301; has指标!R95,artifacts/metrics/machine_a_wizardcoder_python_7b_e1__has_vul__qlora/metrics.json,可作为闭合结果,,
machine_a_wizardcoder_python_7b_e1__vul_line__direct,Excel有-本地镜像缺失,应跑缺口明细!R221; 全部结果指标!R302; line指标!R94,,artifacts/machine_a_wizardcoder_python_7b_e1__vul_line__direct/镜像缺失；若正文引用，需重新定位或补拉结果,artifacts/metrics/machine_a_wizardcoder_python_7b_e1__vul_line__direct/metrics.json,
machine_a_wizardcoder_python_7b_e1__vul_line__prompt,双向闭合,应跑缺口明细!R222; 全部结果指标!R303; line指标!R95,artifacts/metrics/machine_a_wizardcoder_python_7b_e1__vul_line__prompt/metrics.json,可作为闭合结果,,
machine_a_wizardcoder_python_7b_e1__vul_line__qlora,Excel有-本地镜像缺失,全部结果指标!R304,,artifacts/machine_a_wizardcoder_python_7b_e1__vul_line__qlora/镜像缺失；若正文引用，需重新定位或补拉结果,artifacts/machine_a_wizardcoder_python_7b_e1__vul_line__qlora/同方法替代run,remote_wizardcoder_python_7b_e1_gpu1_vul_line_prompt_qlora__vul_line__qlora
machine_a_wizardcoder_python_7b_e1__vul_type__direct,双向闭合,应跑缺口明细!R218; 全部结果指标!R307; type指标!R93,artifacts/metrics/machine_a_wizardcoder_python_7b_e1__vul_type__direct/metrics.json,可作为闭合结果,,
machine_a_wizardcoder_python_7b_e1__vul_type__prompt,双向闭合,应跑缺口明细!R219; 全部结果指标!R308; type指标!R94,artifacts/metrics/machine_a_wizardcoder_python_7b_e1__vul_type__prompt/metrics.json,可作为闭合结果,,
machine_a_wizardcoder_python_7b_e1__vul_type__qlora,双向闭合,应跑缺口明细!R220; 全部结果指标!R309; type指标!R95,artifacts/metrics/machine_a_wizardcoder_python_7b_e1__vul_type__qlora/metrics.json,可作为闭合结果,,
machine_b_codebert_base_full_e1__has_vul__full,双向闭合,应跑缺口明细!R2; 全部结果指标!R149; has指标!R50,artifacts/metrics/machine_b_codebert_base_full_e1__has_vul__full/metrics.json,可作为闭合结果,,
machine_b_codebert_base_full_e1__vul_line__full,双向闭合,补齐前后12条明细!R9; 应跑缺口明细!R4; 全部结果指标!R150; line指标!R43,artifacts/metrics/machine_b_codebert_base_full_e1__vul_line__full/metrics.json,可作为闭合结果,,
machine_b_codebert_base_full_e1__vul_type__full,双向闭合,补齐前后12条明细!R7; 应跑缺口明细!R3; 全部结果指标!R151; type指标!R48,artifacts/metrics/machine_b_codebert_base_full_e1__vul_type__full/metrics.json,可作为闭合结果,,
machine_b_codet5_base_full_e1__has_vul__full,双向闭合,应跑缺口明细!R11; 全部结果指标!R290; has指标!R91,artifacts/metrics/machine_b_codet5_base_full_e1__has_vul__full/metrics.json,可作为闭合结果,,
machine_b_codet5_base_full_e1__vul_line__full,Excel有-本地镜像缺失,应跑缺口明细!R13; 全部结果指标!R292; 全部结果指标!R293,,artifacts/machine_b_codet5_base_full_e1__vul_line__full/镜像缺失；若正文引用，需重新定位或补拉结果,旧B机CodeT5记录，本地镜像未闭合；此前已明确不恢复CodeT5,
machine_b_codet5_base_full_e1__vul_type__full,双向闭合,应跑缺口明细!R12; 全部结果指标!R295; type指标!R91,artifacts/metrics/machine_b_codet5_base_full_e1__vul_type__full/metrics.json,可作为闭合结果,,
machine_b_codet5_base_qlora_e1__has_vul__qlora,双向闭合,全部结果指标!R291; has指标!R92,artifacts/metrics/machine_b_codet5_base_qlora_e1__has_vul__qlora/metrics.json,可作为闭合结果,,
machine_b_codet5_base_qlora_e1__vul_line__qlora,Excel有-本地镜像缺失,全部结果指标!R294,,artifacts/machine_b_codet5_base_qlora_e1__vul_line__qlora/镜像缺失；若正文引用，需重新定位或补拉结果,旧B机CodeT5记录，本地镜像未闭合；此前已明确不恢复CodeT5,
machine_b_codet5_base_qlora_e1__vul_type__qlora,双向闭合,全部结果指标!R296; type指标!R92,artifacts/metrics/machine_b_codet5_base_qlora_e1__vul_type__qlora/metrics.json,可作为闭合结果,,
machine_b_graphcodebert_base_full_e1__has_vul__full,双向闭合,应跑缺口明细!R5; 全部结果指标!R152; has指标!R51,artifacts/metrics/machine_b_graphcodebert_base_full_e1__has_vul__full/metrics.json,可作为闭合结果,,
machine_b_graphcodebert_base_full_e1__vul_line__full,双向闭合,补齐前后12条明细!R13; 应跑缺口明细!R7; 全部结果指标!R153; line指标!R44,artifacts/metrics/machine_b_graphcodebert_base_full_e1__vul_line__full/metrics.json,可作为闭合结果,,
machine_b_graphcodebert_base_full_e1__vul_type__full,双向闭合,补齐前后12条明细!R11; 应跑缺口明细!R6; 全部结果指标!R154; type指标!R49,artifacts/metrics/machine_b_graphcodebert_base_full_e1__vul_type__full/metrics.json,可作为闭合结果,,
machine_b_unixcoder_base_full_e1__has_vul__full,双向闭合,应跑缺口明细!R8; 全部结果指标!R155; has指标!R52,artifacts/metrics/machine_b_unixcoder_base_full_e1__has_vul__full/metrics.json,可作为闭合结果,,
machine_b_unixcoder_base_full_e1__vul_line__full,双向闭合,应跑缺口明细!R10; 全部结果指标!R156; line指标!R45,artifacts/metrics/machine_b_unixcoder_base_full_e1__vul_line__full/metrics.json,可作为闭合结果,,
machine_b_unixcoder_base_full_e1__vul_type__full,双向闭合,应跑缺口明细!R9; 全部结果指标!R157; type指标!R50,artifacts/metrics/machine_b_unixcoder_base_full_e1__vul_type__full/metrics.json,可作为闭合结果,,
machine_c_qwen25coder3b_full_e1__has_vul__full,双向闭合,应跑缺口明细!R40; 全部结果指标!R270; has指标!R85,artifacts/metrics/machine_c_qwen25coder3b_full_e1__has_vul__full/metrics.json,可作为闭合结果,,
machine_c_qwen25coder3b_full_e1__vul_line__full,双向闭合,应跑缺口明细!R48; 全部结果指标!R274; line指标!R88,artifacts/metrics/machine_c_qwen25coder3b_full_e1__vul_line__full/metrics.json,可作为闭合结果,,
machine_c_qwen25coder3b_full_e1__vul_type__full,双向闭合,应跑缺口明细!R44; 全部结果指标!R278; type指标!R85,artifacts/metrics/machine_c_qwen25coder3b_full_e1__vul_type__full/metrics.json,可作为闭合结果,,
matrix_balanced721_qwen05_e1__has_vul__direct,双向闭合,应跑缺口明细!R14; 全部结果指标!R158; has指标!R53,artifacts/metrics/matrix_balanced721_qwen05_e1__has_vul__direct/metrics.json,可作为闭合结果,,
matrix_balanced721_qwen05_e1__has_vul__full,双向闭合,应跑缺口明细!R16; 全部结果指标!R161; has指标!R56,artifacts/metrics/matrix_balanced721_qwen05_e1__has_vul__full/metrics.json,可作为闭合结果,,
matrix_balanced721_qwen05_e1__has_vul__prompt,双向闭合,应跑缺口明细!R15; 全部结果指标!R170; has指标!R65,artifacts/metrics/matrix_balanced721_qwen05_e1__has_vul__prompt/metrics.json,可作为闭合结果,,
matrix_balanced721_qwen05_e1__has_vul__qlora,双向闭合,应跑缺口明细!R17; 全部结果指标!R172; has指标!R67,artifacts/metrics/matrix_balanced721_qwen05_e1__has_vul__qlora/metrics.json,可作为闭合结果,,
matrix_balanced721_qwen05_e1__vul_line__direct,双向闭合,应跑缺口明细!R22; 全部结果指标!R179; line指标!R46,artifacts/metrics/matrix_balanced721_qwen05_e1__vul_line__direct/metrics.json,可作为闭合结果,,
matrix_balanced721_qwen05_e1__vul_line__full,双向闭合,应跑缺口明细!R24; 全部结果指标!R187; line指标!R53,artifacts/metrics/matrix_balanced721_qwen05_e1__vul_line__full/metrics.json,可作为闭合结果,,
matrix_balanced721_qwen05_e1__vul_line__prompt,双向闭合,应跑缺口明细!R23; 全部结果指标!R193; line指标!R59,artifacts/metrics/matrix_balanced721_qwen05_e1__vul_line__prompt/metrics.json,可作为闭合结果,,
matrix_balanced721_qwen05_e1__vul_line__qlora,双向闭合,应跑缺口明细!R25; 全部结果指标!R199; line指标!R65,artifacts/metrics/matrix_balanced721_qwen05_e1__vul_line__qlora/metrics.json,可作为闭合结果,,
matrix_balanced721_qwen05_e1__vul_type__direct,双向闭合,应跑缺口明细!R18; 全部结果指标!R211; type指标!R51,artifacts/metrics/matrix_balanced721_qwen05_e1__vul_type__direct/metrics.json,可作为闭合结果,,
matrix_balanced721_qwen05_e1__vul_type__full,双向闭合,应跑缺口明细!R20; 全部结果指标!R214; type指标!R54,artifacts/metrics/matrix_balanced721_qwen05_e1__vul_type__full/metrics.json,可作为闭合结果,,
matrix_balanced721_qwen05_e1__vul_type__prompt,双向闭合,应跑缺口明细!R19; 全部结果指标!R227; type指标!R67,artifacts/metrics/matrix_balanced721_qwen05_e1__vul_type__prompt/metrics.json,可作为闭合结果,,
matrix_balanced721_qwen05_e1__vul_type__qlora,双向闭合,应跑缺口明细!R21; 全部结果指标!R229; type指标!R69,artifacts/metrics/matrix_balanced721_qwen05_e1__vul_type__qlora/metrics.json,可作为闭合结果,,
matrix_large_qwen05_inst__has_vul__direct,双向闭合,全部结果指标!R159; has指标!R54,artifacts/metrics/matrix_large_qwen05_inst__has_vul__direct/metrics.json,可作为闭合结果,,
matrix_large_qwen05_inst__has_vul__full,双向闭合,全部结果指标!R162; has指标!R57,artifacts/metrics/matrix_large_qwen05_inst__has_vul__full/metrics.json,可作为闭合结果,,
matrix_large_qwen05_inst__has_vul__prompt,双向闭合,全部结果指标!R171; has指标!R66,artifacts/metrics/matrix_large_qwen05_inst__has_vul__prompt/metrics.json,可作为闭合结果,,
matrix_large_qwen05_inst__has_vul__qlora,双向闭合,全部结果指标!R173; has指标!R68,artifacts/metrics/matrix_large_qwen05_inst__has_vul__qlora/metrics.json,可作为闭合结果,,
matrix_large_qwen05_inst_vline__vul_line__direct,双向闭合,全部结果指标!R180; line指标!R47,artifacts/metrics/matrix_large_qwen05_inst_vline__vul_line__direct/metrics.json,可作为闭合结果,,
matrix_large_qwen05_inst_vline__vul_line__full,双向闭合,全部结果指标!R188; line指标!R54,artifacts/metrics/matrix_large_qwen05_inst_vline__vul_line__full/metrics.json,可作为闭合结果,,
matrix_large_qwen05_inst_vline__vul_line__prompt,双向闭合,全部结果指标!R194; line指标!R60,artifacts/metrics/matrix_large_qwen05_inst_vline__vul_line__prompt/metrics.json,可作为闭合结果,,
matrix_large_qwen05_inst_vline__vul_line__qlora,双向闭合,全部结果指标!R200; line指标!R66,artifacts/metrics/matrix_large_qwen05_inst_vline__vul_line__qlora/metrics.json,可作为闭合结果,,
matrix_large_qwen05_inst_vline_clean__vul_line__direct,双向闭合,全部结果指标!R181; line指标!R48,artifacts/metrics/matrix_large_qwen05_inst_vline_clean__vul_line__direct/metrics.json,可作为闭合结果,,
matrix_large_qwen05_inst_vline_clean__vul_line__full,双向闭合,全部结果指标!R189; line指标!R55,artifacts/metrics/matrix_large_qwen05_inst_vline_clean__vul_line__full/metrics.json,可作为闭合结果,,
matrix_large_qwen05_inst_vline_clean__vul_line__prompt,双向闭合,全部结果指标!R195; line指标!R61,artifacts/metrics/matrix_large_qwen05_inst_vline_clean__vul_line__prompt/metrics.json,可作为闭合结果,,
matrix_large_qwen05_inst_vline_clean__vul_line__qlora,双向闭合,全部结果指标!R201; line指标!R67,artifacts/metrics/matrix_large_qwen05_inst_vline_clean__vul_line__qlora/metrics.json,可作为闭合结果,,
matrix_large_qwen05_inst_vline_clean_bounded__vul_line__direct,双向闭合,全部结果指标!R182; line指标!R49,artifacts/metrics/matrix_large_qwen05_inst_vline_clean_bounded__vul_line__direct/metrics.json,可作为闭合结果,,
matrix_large_qwen05_inst_vline_clean_bounded__vul_line__full,双向闭合,全部结果指标!R190; line指标!R56,artifacts/metrics/matrix_large_qwen05_inst_vline_clean_bounded__vul_line__full/metrics.json,可作为闭合结果,,
matrix_large_qwen05_inst_vline_clean_bounded__vul_line__prompt,双向闭合,全部结果指标!R196; line指标!R62,artifacts/metrics/matrix_large_qwen05_inst_vline_clean_bounded__vul_line__prompt/metrics.json,可作为闭合结果,,
matrix_large_qwen05_inst_vline_clean_bounded__vul_line__qlora,双向闭合,全部结果指标!R202; line指标!R68,artifacts/metrics/matrix_large_qwen05_inst_vline_clean_bounded__vul_line__qlora/metrics.json,可作为闭合结果,,
matrix_large_qwen05_inst_vline_line_rank__vul_line__full,双向闭合,全部结果指标!R191; line指标!R57,artifacts/metrics/matrix_large_qwen05_inst_vline_line_rank__vul_line__full/metrics.json,可作为闭合结果,,
matrix_large_qwen05_inst_vline_line_rank__vul_line__qlora,双向闭合,全部结果指标!R203; line指标!R69,artifacts/metrics/matrix_large_qwen05_inst_vline_line_rank__vul_line__qlora/metrics.json,可作为闭合结果,,
matrix_large_qwen05_inst_vline_line_rank_direct_prompt_top120__vul_line__direct,双向闭合,全部结果指标!R183; line指标!R50,artifacts/metrics/matrix_large_qwen05_inst_vline_line_rank_direct_prompt_top120__vul_line__direct/metrics.json,可作为闭合结果,,
matrix_large_qwen05_inst_vline_line_rank_direct_prompt_top120__vul_line__prompt,双向闭合,全部结果指标!R197; line指标!R63,artifacts/metrics/matrix_large_qwen05_inst_vline_line_rank_direct_prompt_top120__vul_line__prompt/metrics.json,可作为闭合结果,,
matrix_large_qwen05_inst_vline_line_rank_full_fp32__vul_line__full,双向闭合,全部结果指标!R192; line指标!R58,artifacts/metrics/matrix_large_qwen05_inst_vline_line_rank_full_fp32__vul_line__full/metrics.json,可作为闭合结果,,
matrix_large_qwen05_inst_vtype__vul_type__direct,双向闭合,全部结果指标!R212; type指标!R52,artifacts/metrics/matrix_large_qwen05_inst_vtype__vul_type__direct/metrics.json,可作为闭合结果,,
matrix_large_qwen05_inst_vtype__vul_type__full,双向闭合,全部结果指标!R215; type指标!R55,artifacts/metrics/matrix_large_qwen05_inst_vtype__vul_type__full/metrics.json,可作为闭合结果,,
matrix_large_qwen05_inst_vtype__vul_type__prompt,双向闭合,全部结果指标!R228; type指标!R68,artifacts/metrics/matrix_large_qwen05_inst_vtype__vul_type__prompt/metrics.json,可作为闭合结果,,
matrix_large_qwen05_inst_vtype__vul_type__qlora,双向闭合,全部结果指标!R230; type指标!R70,artifacts/metrics/matrix_large_qwen05_inst_vtype__vul_type__qlora/metrics.json,可作为闭合结果,,
matrix_smoke_hasv_direct_qwen05_inst,双向闭合,全部结果指标!R164; has指标!R59,artifacts/metrics/matrix_smoke_hasv_direct_qwen05_inst/metrics.json,可作为闭合结果,,
matrix_smoke_hasv_lora_qwen05_inst,双向闭合,全部结果指标!R165; has指标!R60,artifacts/metrics/matrix_smoke_hasv_lora_qwen05_inst/metrics.json,可作为闭合结果,,
matrix_smoke_hasv_prompt_qwen05_inst,双向闭合,全部结果指标!R166; has指标!R61,artifacts/metrics/matrix_smoke_hasv_prompt_qwen05_inst/metrics.json,可作为闭合结果,,
matrix_smoke_hasv_qlora_qwen05_inst,双向闭合,全部结果指标!R168; has指标!R63,artifacts/metrics/matrix_smoke_hasv_qlora_qwen05_inst/metrics.json,可作为闭合结果,,
matrix_smoke_hasv_qlora_qwen05_inst_headfix,双向闭合,全部结果指标!R167; has指标!R62,artifacts/metrics/matrix_smoke_hasv_qlora_qwen05_inst_headfix/metrics.json,可作为闭合结果,,
matrix_smoke_vtype_direct_qwen05_inst,双向闭合,全部结果指标!R217; type指标!R57,artifacts/metrics/matrix_smoke_vtype_direct_qwen05_inst/metrics.json,可作为闭合结果,,
matrix_smoke_vtype_lora_qwen05_inst,双向闭合,全部结果指标!R218; type指标!R58,artifacts/metrics/matrix_smoke_vtype_lora_qwen05_inst/metrics.json,可作为闭合结果,,
matrix_smoke_vtype_prompt_qwen05_inst,双向闭合,全部结果指标!R219; type指标!R59,artifacts/metrics/matrix_smoke_vtype_prompt_qwen05_inst/metrics.json,可作为闭合结果,,
matrix_smoke_vtype_qlora_qwen05_inst,双向闭合,全部结果指标!R221; type指标!R61,artifacts/metrics/matrix_smoke_vtype_qlora_qwen05_inst/metrics.json,可作为闭合结果,,
matrix_smoke_vtype_qlora_qwen05_inst_headfix,双向闭合,全部结果指标!R220; type指标!R60,artifacts/metrics/matrix_smoke_vtype_qlora_qwen05_inst_headfix/metrics.json,可作为闭合结果,,
medium_hasv_qlora_qwen05_inst,双向闭合,全部结果指标!R169; has指标!R64,artifacts/metrics/medium_hasv_qlora_qwen05_inst/metrics.json,可作为闭合结果,,
medium_vtype_full_qwen05_inst,双向闭合,全部结果指标!R224; type指标!R64,artifacts/metrics/medium_vtype_full_qwen05_inst/metrics.json,可作为闭合结果,,
medium_vtype_full_qwen05_inst_fp32,双向闭合,全部结果指标!R223; type指标!R63,artifacts/metrics/medium_vtype_full_qwen05_inst_fp32/metrics.json,可作为闭合结果,,
medium_vtype_full_qwen05_inst_fp32_fixed,双向闭合,全部结果指标!R222; type指标!R62,artifacts/metrics/medium_vtype_full_qwen05_inst_fp32_fixed/metrics.json,可作为闭合结果,,
medium_vtype_qlora_qwen05_inst,双向闭合,全部结果指标!R226; type指标!R66,artifacts/metrics/medium_vtype_qlora_qwen05_inst/metrics.json,可作为闭合结果,,
medium_vtype_qlora_qwen05_inst_fp32head_fixed,双向闭合,全部结果指标!R225; type指标!R65,artifacts/metrics/medium_vtype_qlora_qwen05_inst_fp32head_fixed/metrics.json,可作为闭合结果,,
original_codebert_base_vul_line_full_e1__vul_line__full,双向闭合,补齐前后12条明细!R8; 全部结果指标!R313; line指标!R99,artifacts/metrics/original_codebert_base_vul_line_full_e1__vul_line__full/metrics.json,可作为闭合结果,,
original_codebert_base_vul_type_full_e1__vul_type__full,双向闭合,补齐前后12条明细!R6; 全部结果指标!R312; type指标!R97,artifacts/metrics/original_codebert_base_vul_type_full_e1__vul_type__full/metrics.json,可作为闭合结果,,
original_graphcodebert_base_vul_line_full_e1__vul_line__full,双向闭合,补齐前后12条明细!R12; 全部结果指标!R315; line指标!R100,artifacts/metrics/original_graphcodebert_base_vul_line_full_e1__vul_line__full/metrics.json,可作为闭合结果,,
original_graphcodebert_base_vul_type_full_e1__vul_type__full,双向闭合,补齐前后12条明细!R10; 全部结果指标!R314; type指标!R98,artifacts/metrics/original_graphcodebert_base_vul_type_full_e1__vul_type__full/metrics.json,可作为闭合结果,,
original_qwen25coder3b_vtype_vline_qlora_e1__vul_line__qlora,双向闭合,补齐前后12条明细!R4; 应跑缺口明细!R49; 全部结果指标!R276; line指标!R90,artifacts/metrics/original_qwen25coder3b_vtype_vline_qlora_e1__vul_line__qlora/metrics.json,可作为闭合结果,,
original_qwen25coder3b_vtype_vline_qlora_e1__vul_type__qlora,双向闭合,补齐前后12条明细!R2; 应跑缺口明细!R45; 全部结果指标!R280; type指标!R87,artifacts/metrics/original_qwen25coder3b_vtype_vline_qlora_e1__vul_type__qlora/metrics.json,可作为闭合结果,,
prompt_ablation_qwen25coder3b_original_e1_vul_line_p0,双向闭合,全部结果指标!R316,artifacts/metrics/prompt_ablation_qwen25coder3b_original_e1_vul_line_p0/metrics.json,可作为闭合结果,,
prompt_ablation_qwen25coder3b_original_e1_vul_line_p1,双向闭合,全部结果指标!R317,artifacts/metrics/prompt_ablation_qwen25coder3b_original_e1_vul_line_p1/metrics.json,可作为闭合结果,,
prompt_ablation_qwen25coder3b_original_e1_vul_line_p2,双向闭合,全部结果指标!R318,artifacts/metrics/prompt_ablation_qwen25coder3b_original_e1_vul_line_p2/metrics.json,可作为闭合结果,,
prompt_ablation_qwen25coder3b_original_e1_vul_line_p3,双向闭合,全部结果指标!R319,artifacts/metrics/prompt_ablation_qwen25coder3b_original_e1_vul_line_p3/metrics.json,可作为闭合结果,,
prompt_ablation_qwen25coder3b_original_e1_vul_type_p0,双向闭合,全部结果指标!R320,artifacts/metrics/prompt_ablation_qwen25coder3b_original_e1_vul_type_p0/metrics.json,可作为闭合结果,,
prompt_ablation_qwen25coder3b_original_e1_vul_type_p1,双向闭合,全部结果指标!R321,artifacts/metrics/prompt_ablation_qwen25coder3b_original_e1_vul_type_p1/metrics.json,可作为闭合结果,,
prompt_ablation_qwen25coder3b_original_e1_vul_type_p2,双向闭合,全部结果指标!R322,artifacts/metrics/prompt_ablation_qwen25coder3b_original_e1_vul_type_p2/metrics.json,可作为闭合结果,,
prompt_ablation_qwen25coder3b_original_e1_vul_type_p3,双向闭合,全部结果指标!R323,artifacts/metrics/prompt_ablation_qwen25coder3b_original_e1_vul_type_p3/metrics.json,可作为闭合结果,,
qwen05_has_vul_qlora_r32_e3_lr2e5,双向闭合,全部结果指标!R174; has指标!R69,artifacts/metrics/qwen05_has_vul_qlora_r32_e3_lr2e5/metrics.json,可作为闭合结果,,
qwen05_vline_line_rank_qlora_r16_e3_lr2e5,双向闭合,全部结果指标!R204; line指标!R70,artifacts/metrics/qwen05_vline_line_rank_qlora_r16_e3_lr2e5/metrics.json,可作为闭合结果,,
qwen05_vline_line_rank_qlora_r32_e3_lr2e5,双向闭合,全部结果指标!R205; line指标!R71,artifacts/metrics/qwen05_vline_line_rank_qlora_r32_e3_lr2e5/metrics.json,可作为闭合结果,,
qwen05_vul_type_qlora_r16_e3_lr1e5_stable,双向闭合,全部结果指标!R231; type指标!R71,artifacts/metrics/qwen05_vul_type_qlora_r16_e3_lr1e5_stable/metrics.json,可作为闭合结果,,
qwen05_vul_type_qlora_r32_e3_lr1e5_stable,双向闭合,全部结果指标!R232; type指标!R72,artifacts/metrics/qwen05_vul_type_qlora_r32_e3_lr1e5_stable/metrics.json,可作为闭合结果,,
qwen05_vul_type_qlora_r32_e3_lr2e5,双向闭合,全部结果指标!R233; type指标!R73,artifacts/metrics/qwen05_vul_type_qlora_r32_e3_lr2e5/metrics.json,可作为闭合结果,,
smoke_balanced721_qwen05_direct__has_vul__direct,双向闭合,全部结果指标!R160; has指标!R55,artifacts/metrics/smoke_balanced721_qwen05_direct__has_vul__direct/metrics.json,可作为闭合结果,,
smoke_balanced721_qwen05_direct__vul_line__direct,Excel有-本地镜像缺失,全部结果指标!R184,,artifacts/smoke_balanced721_qwen05_direct__vul_line__direct/镜像缺失；若正文引用，需重新定位或补拉结果,artifacts/smoke_balanced721_qwen05_direct__vul_line__direct/同方法替代run,"matrix_balanced721_qwen05_e1__vul_line__direct, matrix_large_qwen05_inst_vline__vul_line__direct, matrix_large_qwen05_inst_vline_clean__vul_line__direct, matrix_large_qwen05_inst_vline_clean_bounded__vul_line__direct, matrix_large_qwen05_inst_vline_line_rank_direct_prompt_top120__vul_line__direct, smoke_balanced721_qwen05_vline_direct30__vul_line__direct"
smoke_balanced721_qwen05_direct__vul_type__direct,双向闭合,全部结果指标!R213; type指标!R53,artifacts/metrics/smoke_balanced721_qwen05_direct__vul_type__direct/metrics.json,可作为闭合结果,,
smoke_balanced721_qwen05_vline_direct30__vul_line__direct,双向闭合,全部结果指标!R185; line指标!R51,artifacts/metrics/smoke_balanced721_qwen05_vline_direct30__vul_line__direct/metrics.json,可作为闭合结果,,
smoke_hasv_direct_qwen05,双向闭合,全部结果指标!R175; has指标!R70,artifacts/metrics/smoke_hasv_direct_qwen05/metrics.json,可作为闭合结果,,
smoke_hasv_prompt_qwen05_instruct,双向闭合,全部结果指标!R178; has指标!R73,artifacts/metrics/smoke_hasv_prompt_qwen05_instruct/metrics.json,可作为闭合结果,,
smoke_hasv_prompt_qwen05_instruct_prefix,双向闭合,全部结果指标!R176; has指标!R71,artifacts/metrics/smoke_hasv_prompt_qwen05_instruct_prefix/metrics.json,可作为闭合结果,,
smoke_hasv_prompt_qwen05_instruct_truncfix,双向闭合,全部结果指标!R177; has指标!R72,artifacts/metrics/smoke_hasv_prompt_qwen05_instruct_truncfix/metrics.json,可作为闭合结果,,
smoke_vline_line_rank_direct_prompt__vul_line__direct,双向闭合,全部结果指标!R186; line指标!R52,artifacts/metrics/smoke_vline_line_rank_direct_prompt__vul_line__direct/metrics.json,可作为闭合结果,,
smoke_vline_line_rank_direct_prompt__vul_line__prompt,双向闭合,全部结果指标!R198; line指标!R64,artifacts/metrics/smoke_vline_line_rank_direct_prompt__vul_line__prompt/metrics.json,可作为闭合结果,,
smoke_vline_line_rank_qlora,双向闭合,全部结果指标!R206; line指标!R72,artifacts/metrics/smoke_vline_line_rank_qlora/metrics.json,可作为闭合结果,,
smoke_vline_prompt_qwen05,双向闭合,全部结果指标!R209; line指标!R75,artifacts/metrics/smoke_vline_prompt_qwen05/metrics.json,可作为闭合结果,,
smoke_vline_prompt_qwen05_instruct,双向闭合,全部结果指标!R207; line指标!R73,artifacts/metrics/smoke_vline_prompt_qwen05_instruct/metrics.json,可作为闭合结果,,
smoke_vline_prompt_qwen05_tagged,双向闭合,全部结果指标!R208; line指标!R74,artifacts/metrics/smoke_vline_prompt_qwen05_tagged/metrics.json,可作为闭合结果,,
smoke_vline_prompt_qwen15_instruct,双向闭合,全部结果指标!R243; line指标!R81,artifacts/metrics/smoke_vline_prompt_qwen15_instruct/metrics.json,可作为闭合结果,,
smoke_vline_qlora_qwen05,双向闭合,全部结果指标!R210; line指标!R76,artifacts/metrics/smoke_vline_qlora_qwen05/metrics.json,可作为闭合结果,,
smoke_vtype_prompt_qwen05_instruct_prefix,双向闭合,全部结果指标!R234; type指标!R74,artifacts/metrics/smoke_vtype_prompt_qwen05_instruct_prefix/metrics.json,可作为闭合结果,,
westd_codellama34b_e1_vul_line_prompt__vul_line__prompt,双向闭合,应跑缺口明细!R213; 全部结果指标!R46; line指标!R16,artifacts/metrics/westd_codellama34b_e1_vul_line_prompt__vul_line__prompt/metrics.json,可作为闭合结果,,
westd_codellama7b_e1_vul_line_qlora_from_b__vul_line__qlora,Excel有-本地镜像缺失,应跑缺口明细!R196; 全部结果指标!R58,,artifacts/westd_codellama7b_e1_vul_line_qlora_from_b__vul_line__qlora/镜像缺失；若正文引用，需重新定位或补拉结果,表内历史记录或镜像缺失，需按正文是否引用决定是否补拉,
