config_bundle,config_record_id,config_sha256,machine,method,model,run_name,source_path,task
experiment_configs/run_configs_bundle.jsonl,matrix_balanced721_qwen05_e1_has_vul_direct,4f5db4e836a22a8fe8987fc353f5344e62917185ce7f09ac9e7cdd1ca495c8d8,A_8.130.211.198,direct,Qwen/Qwen2.5-Coder-0.5B-Instruct,matrix_balanced721_qwen05_e1__has_vul__direct,results\remote_mirror\A_8.130.211.198\experiments\runs\matrix_balanced721_qwen05_e1__has_vul__direct\Qwen_Qwen2.5-Coder-0.5B-Instruct\has_vul__direct\config.json,has_vul
experiment_configs/run_configs_bundle.jsonl,matrix_balanced721_qwen05_e1_has_vul_full,5159a5395c654d60a84b54cf972b4c72838839176c911d80fbadd739b1f10b22,A_8.130.211.198,full,Qwen/Qwen2.5-Coder-0.5B-Instruct,matrix_balanced721_qwen05_e1__has_vul__full,results\remote_mirror\A_8.130.211.198\experiments\runs\matrix_balanced721_qwen05_e1__has_vul__full\Qwen_Qwen2.5-Coder-0.5B-Instruct\has_vul__finetune\config.json,has_vul
experiment_configs/run_configs_bundle.jsonl,matrix_balanced721_qwen05_e1_has_vul_prompt,c97802ceff1e92b421b91fe3a39cde90415a34cd1ba8b95912ec968c9bb9647c,A_8.130.211.198,prompt,Qwen/Qwen2.5-Coder-0.5B-Instruct,matrix_balanced721_qwen05_e1__has_vul__prompt,results\remote_mirror\A_8.130.211.198\experiments\runs\matrix_balanced721_qwen05_e1__has_vul__prompt\Qwen_Qwen2.5-Coder-0.5B-Instruct\has_vul__prompt\config.json,has_vul
experiment_configs/run_configs_bundle.jsonl,matrix_balanced721_qwen05_e1_has_vul_qlora,f511882aae0b5443d46a0029f0ae89c9675ed0443a11cd47be2389f2079c727a,A_8.130.211.198,qlora,Qwen/Qwen2.5-Coder-0.5B-Instruct,matrix_balanced721_qwen05_e1__has_vul__qlora,results\remote_mirror\A_8.130.211.198\experiments\runs\matrix_balanced721_qwen05_e1__has_vul__qlora\Qwen_Qwen2.5-Coder-0.5B-Instruct\has_vul__finetune\config.json,has_vul
experiment_configs/run_configs_bundle.jsonl,matrix_balanced721_qwen05_e1_vul_line_direct,fc5b863378c4354ee12632181a556494b6b37809d2aeb674d163075e83e557f9,A_8.130.211.198,direct,Qwen/Qwen2.5-Coder-0.5B-Instruct,matrix_balanced721_qwen05_e1__vul_line__direct,results\remote_mirror\A_8.130.211.198\experiments\runs\matrix_balanced721_qwen05_e1__vul_line__direct\Qwen_Qwen2.5-Coder-0.5B-Instruct\vul_line__direct\config.json,vul_line
experiment_configs/run_configs_bundle.jsonl,matrix_balanced721_qwen05_e1_vul_line_full,7f7b7af4e9023d7450510a77337d8276688d26cdd41c11d6e89b41b8d54a0f86,A_8.130.211.198,full,Qwen/Qwen2.5-Coder-0.5B-Instruct,matrix_balanced721_qwen05_e1__vul_line__full,results\remote_mirror\A_8.130.211.198\experiments\runs\matrix_balanced721_qwen05_e1__vul_line__full\Qwen_Qwen2.5-Coder-0.5B-Instruct\vul_line__finetune\config.json,vul_line
experiment_configs/run_configs_bundle.jsonl,matrix_balanced721_qwen05_e1_vul_line_prompt,addaf8f79c6a9d0266ac58ec06c832016fa30f3f7c9261c935b0d1f3bd72acbb,A_8.130.211.198,prompt,Qwen/Qwen2.5-Coder-0.5B-Instruct,matrix_balanced721_qwen05_e1__vul_line__prompt,results\remote_mirror\A_8.130.211.198\experiments\runs\matrix_balanced721_qwen05_e1__vul_line__prompt\Qwen_Qwen2.5-Coder-0.5B-Instruct\vul_line__prompt\config.json,vul_line
experiment_configs/run_configs_bundle.jsonl,matrix_balanced721_qwen05_e1_vul_line_qlora,ea36ad9e9ca7ddc542633f3e33873873070681eea6b0b62aa518eb63e9bd32db,A_8.130.211.198,qlora,Qwen/Qwen2.5-Coder-0.5B-Instruct,matrix_balanced721_qwen05_e1__vul_line__qlora,results\remote_mirror\A_8.130.211.198\experiments\runs\matrix_balanced721_qwen05_e1__vul_line__qlora\Qwen_Qwen2.5-Coder-0.5B-Instruct\vul_line__finetune\config.json,vul_line
experiment_configs/run_configs_bundle.jsonl,matrix_balanced721_qwen05_e1_vul_type_direct,0476a32c42ee2eb8e3eb92bf3e30263edc0abe806f888334c29b36be0a8cdafa,A_8.130.211.198,direct,Qwen/Qwen2.5-Coder-0.5B-Instruct,matrix_balanced721_qwen05_e1__vul_type__direct,results\remote_mirror\A_8.130.211.198\experiments\runs\matrix_balanced721_qwen05_e1__vul_type__direct\Qwen_Qwen2.5-Coder-0.5B-Instruct\vul_type__direct\config.json,vul_type
experiment_configs/run_configs_bundle.jsonl,matrix_balanced721_qwen05_e1_vul_type_full,5eb96a1ff27ecf586c84bbd6f3e90297136ed7d9c987aaaf394bb99f421964c8,A_8.130.211.198,full,Qwen/Qwen2.5-Coder-0.5B-Instruct,matrix_balanced721_qwen05_e1__vul_type__full,results\remote_mirror\A_8.130.211.198\experiments\runs\matrix_balanced721_qwen05_e1__vul_type__full\Qwen_Qwen2.5-Coder-0.5B-Instruct\vul_type__finetune\config.json,vul_type
experiment_configs/run_configs_bundle.jsonl,matrix_balanced721_qwen05_e1_vul_type_prompt,1c0539e3aa9bffc8bd3dffd9f256153f2803f7e6db8ab0426180f838075c6eee,A_8.130.211.198,prompt,Qwen/Qwen2.5-Coder-0.5B-Instruct,matrix_balanced721_qwen05_e1__vul_type__prompt,results\remote_mirror\A_8.130.211.198\experiments\runs\matrix_balanced721_qwen05_e1__vul_type__prompt\Qwen_Qwen2.5-Coder-0.5B-Instruct\vul_type__prompt\config.json,vul_type
experiment_configs/run_configs_bundle.jsonl,matrix_balanced721_qwen05_e1_vul_type_qlora,9c45182e143421a3e27e94b73c95d59991d0b7e95f5efe9ba3923b33b9e26bbc,A_8.130.211.198,qlora,Qwen/Qwen2.5-Coder-0.5B-Instruct,matrix_balanced721_qwen05_e1__vul_type__qlora,results\remote_mirror\A_8.130.211.198\experiments\runs\matrix_balanced721_qwen05_e1__vul_type__qlora\Qwen_Qwen2.5-Coder-0.5B-Instruct\vul_type__finetune\config.json,vul_type
experiment_configs/run_configs_bundle.jsonl,formal_balanced721_qwen25coder15b_e1_has_vul_direct,0060291829bb0c1a8d77c5d2494b89ec328f1a2317100b94935fdc5b44335de1,A_8.130.211.198,direct,Qwen/Qwen2.5-Coder-1.5B-Instruct,formal_balanced721_qwen25coder15b_e1__has_vul__direct,results\remote_mirror\A_8.130.211.198\experiments\runs\formal_balanced721_qwen25coder15b_e1__has_vul__direct\Qwen_Qwen2.5-Coder-1.5B-Instruct\has_vul__direct\config.json,has_vul
experiment_configs/run_configs_bundle.jsonl,formal_balanced721_qwen25coder15b_e1_has_vul_full,e42e8c41b518debe598802de8c183319c0d55992cd0e7806a82f65303e4bbf8e,A_8.130.211.198,full,Qwen/Qwen2.5-Coder-1.5B-Instruct,formal_balanced721_qwen25coder15b_e1__has_vul__full,results\remote_mirror\A_8.130.211.198\experiments\runs\formal_balanced721_qwen25coder15b_e1__has_vul__full\Qwen_Qwen2.5-Coder-1.5B-Instruct\has_vul__finetune\config.json,has_vul
experiment_configs/run_configs_bundle.jsonl,formal_balanced721_qwen25coder15b_e1_has_vul_prompt,6d4a5252e0ad27e1e8192fbdad2d52eb3866a5455cafa526ec2eb08e4e4e7053,A_8.130.211.198,prompt,Qwen/Qwen2.5-Coder-1.5B-Instruct,formal_balanced721_qwen25coder15b_e1__has_vul__prompt,results\remote_mirror\A_8.130.211.198\experiments\runs\formal_balanced721_qwen25coder15b_e1__has_vul__prompt\Qwen_Qwen2.5-Coder-1.5B-Instruct\has_vul__prompt\config.json,has_vul
experiment_configs/run_configs_bundle.jsonl,formal_balanced721_qwen25coder15b_e1_has_vul_qlora,72a819613316e029f0b162c7032ba052c1aba947cf9d22a99948e9af8e61272b,A_8.130.211.198,qlora,Qwen/Qwen2.5-Coder-1.5B-Instruct,formal_balanced721_qwen25coder15b_e1__has_vul__qlora,results\remote_mirror\A_8.130.211.198\experiments\runs\formal_balanced721_qwen25coder15b_e1__has_vul__qlora\Qwen_Qwen2.5-Coder-1.5B-Instruct\has_vul__finetune\config.json,has_vul
experiment_configs/run_configs_bundle.jsonl,formal_balanced721_qwen25coder15b_e1_vul_line_direct,16cbf7ab51cf580ef4deccc4d459132bc1792d1cb8c4c970f85cc81b8fedad49,A_8.130.211.198,direct,Qwen/Qwen2.5-Coder-1.5B-Instruct,formal_balanced721_qwen25coder15b_e1__vul_line__direct,results\remote_mirror\A_8.130.211.198\experiments\runs\formal_balanced721_qwen25coder15b_e1__vul_line__direct\Qwen_Qwen2.5-Coder-1.5B-Instruct\vul_line__direct\config.json,vul_line
experiment_configs/run_configs_bundle.jsonl,formal_balanced721_qwen25coder15b_e1_vul_line_full,c107c6aa9c5721e9dd94cf2ad3a5613ecca67f05344d79384834d0912228705c,A_8.130.211.198,full,Qwen/Qwen2.5-Coder-1.5B-Instruct,formal_balanced721_qwen25coder15b_e1__vul_line__full,results\remote_mirror\A_8.130.211.198\experiments\runs\formal_balanced721_qwen25coder15b_e1__vul_line__full\Qwen_Qwen2.5-Coder-1.5B-Instruct\vul_line__finetune\config.json,vul_line
experiment_configs/run_configs_bundle.jsonl,formal_balanced721_qwen25coder15b_e1_vul_line_prompt,70ccb7f6646e4ca2d0c33f37e01bd4918954365291109d14c5748e27c5f794fd,A_8.130.211.198,prompt,Qwen/Qwen2.5-Coder-1.5B-Instruct,formal_balanced721_qwen25coder15b_e1__vul_line__prompt,results\remote_mirror\A_8.130.211.198\experiments\runs\formal_balanced721_qwen25coder15b_e1__vul_line__prompt\Qwen_Qwen2.5-Coder-1.5B-Instruct\vul_line__prompt\config.json,vul_line
experiment_configs/run_configs_bundle.jsonl,formal_balanced721_qwen25coder15b_e1_vul_line_qlora,37dabbcadfefd98756bc6131fdb807d5789596930d6c933731f5f19c46c015df,A_8.130.211.198,qlora,Qwen/Qwen2.5-Coder-1.5B-Instruct,formal_balanced721_qwen25coder15b_e1__vul_line__qlora,results\remote_mirror\A_8.130.211.198\experiments\runs\formal_balanced721_qwen25coder15b_e1__vul_line__qlora\Qwen_Qwen2.5-Coder-1.5B-Instruct\vul_line__finetune\config.json,vul_line
experiment_configs/run_configs_bundle.jsonl,formal_balanced721_qwen25coder15b_e1_vul_type_direct,ea64e08b90332db75a905431d231bccb40a8705e0fe86a6506b4377458cf879f,A_8.130.211.198,direct,Qwen/Qwen2.5-Coder-1.5B-Instruct,formal_balanced721_qwen25coder15b_e1__vul_type__direct,results\remote_mirror\A_8.130.211.198\experiments\runs\formal_balanced721_qwen25coder15b_e1__vul_type__direct\Qwen_Qwen2.5-Coder-1.5B-Instruct\vul_type__direct\config.json,vul_type
experiment_configs/run_configs_bundle.jsonl,formal_balanced721_qwen25coder15b_e1_vul_type_full,ba6370d0a9950c669c4c79a1b4ca7557c4f6388dab6d0908f2e502448138e456,A_8.130.211.198,full,Qwen/Qwen2.5-Coder-1.5B-Instruct,formal_balanced721_qwen25coder15b_e1__vul_type__full,results\remote_mirror\A_8.130.211.198\experiments\runs\formal_balanced721_qwen25coder15b_e1__vul_type__full\Qwen_Qwen2.5-Coder-1.5B-Instruct\vul_type__finetune\config.json,vul_type
experiment_configs/run_configs_bundle.jsonl,formal_balanced721_qwen25coder15b_e1_vul_type_prompt,ea024528613c86bc6c73ae7ef22247ce60dc8f065fa7ca75fedd1aea1ef9990f,A_8.130.211.198,prompt,Qwen/Qwen2.5-Coder-1.5B-Instruct,formal_balanced721_qwen25coder15b_e1__vul_type__prompt,results\remote_mirror\A_8.130.211.198\experiments\runs\formal_balanced721_qwen25coder15b_e1__vul_type__prompt\Qwen_Qwen2.5-Coder-1.5B-Instruct\vul_type__prompt\config.json,vul_type
experiment_configs/run_configs_bundle.jsonl,formal_balanced721_qwen25coder15b_e1_vul_type_qlora,4aa5db37ee71edb78176f0fae3c49d25dc31c1738a580a8631a1634923537b80,A_8.130.211.198,qlora,Qwen/Qwen2.5-Coder-1.5B-Instruct,formal_balanced721_qwen25coder15b_e1__vul_type__qlora,results\remote_mirror\A_8.130.211.198\experiments\runs\formal_balanced721_qwen25coder15b_e1__vul_type__qlora\Qwen_Qwen2.5-Coder-1.5B-Instruct\vul_type__finetune\config.json,vul_type
experiment_configs/run_configs_bundle.jsonl,autodl_qwen25coder14b_e1_has_vul_direct,b2f7f05ba7a52aff13d574fa3347f77a0c9814312142fad3a735f80e98b58814,C_autodl_rtxpro6000x8,direct,Qwen/Qwen2.5-Coder-14B-Instruct,autodl_qwen25coder14b_e1__has_vul__direct,results\remote_mirror\C_autodl_rtxpro6000x8\experiments\runs\autodl_qwen25coder14b_e1__has_vul__direct\has_vul__direct\config.json,has_vul
experiment_configs/run_configs_bundle.jsonl,autodl_qwen25coder14b_e1_has_vul_prompt,6c8756405a62979d4a574643f5e5b077f31e4059407c544572cde1fa4d8fee55,C_autodl_rtxpro6000x8,prompt,Qwen/Qwen2.5-Coder-14B-Instruct,autodl_qwen25coder14b_e1__has_vul__prompt,results\remote_mirror\C_autodl_rtxpro6000x8\experiments\runs\autodl_qwen25coder14b_e1__has_vul__prompt\has_vul__prompt\config.json,has_vul
experiment_configs/run_configs_bundle.jsonl,autodl_qwen25coder14b_e1_has_vul_qlora,287b5a8912af755a1492416382c88791ec823661ca4ce596e4761f899cbb7976,C_autodl_rtxpro6000x8,qlora,Qwen/Qwen2.5-Coder-14B-Instruct,autodl_qwen25coder14b_e1__has_vul__qlora,results\remote_mirror\C_autodl_rtxpro6000x8\experiments\runs\autodl_qwen25coder14b_e1__has_vul__qlora\has_vul__finetune\config.json,has_vul
experiment_configs/run_configs_bundle.jsonl,autodl_qwen25coder14b_e1_vul_line_direct,4e5b5d4cacb634f02a3eb9c8d41a373587b6e24ea005b1d8ad8f3b2769107177,C_autodl_rtxpro6000x8,direct,Qwen/Qwen2.5-Coder-14B-Instruct,autodl_qwen25coder14b_e1__vul_line__direct,results\remote_mirror\C_autodl_rtxpro6000x8\experiments\runs\autodl_qwen25coder14b_e1__vul_line__direct\vul_line__direct\config.json,vul_line
experiment_configs/run_configs_bundle.jsonl,autodl_qwen25coder14b_e1_vul_line_prompt,78598ee7523622182125b98d688f92035056dbbcc4698cadd571e51b342cd839,C_autodl_rtxpro6000x8,prompt,Qwen/Qwen2.5-Coder-14B-Instruct,autodl_qwen25coder14b_e1__vul_line__prompt,results\remote_mirror\C_autodl_rtxpro6000x8\experiments\runs\autodl_qwen25coder14b_e1__vul_line__prompt\vul_line__prompt\config.json,vul_line
experiment_configs/run_configs_bundle.jsonl,autodl_qwen25coder14b_e1_vul_line_qlora,10e9938832d7c51b3a06e513722c112ab295c883ea5ac48d4461c5ae475c8eda,C_autodl_rtxpro6000x8,qlora,Qwen/Qwen2.5-Coder-14B-Instruct,autodl_qwen25coder14b_e1__vul_line__qlora,results\remote_mirror\C_autodl_rtxpro6000x8\experiments\runs\autodl_qwen25coder14b_e1__vul_line__qlora\vul_line__finetune\config.json,vul_line
experiment_configs/run_configs_bundle.jsonl,autodl_qwen25coder14b_e1_vul_type_direct,35c4963d54a05472a98a7daaca03ca787d036374ff72e9b1acd2afa74d98add1,C_autodl_rtxpro6000x8,direct,Qwen/Qwen2.5-Coder-14B-Instruct,autodl_qwen25coder14b_e1__vul_type__direct,results\remote_mirror\C_autodl_rtxpro6000x8\experiments\runs\autodl_qwen25coder14b_e1__vul_type__direct\vul_type__direct\config.json,vul_type
experiment_configs/run_configs_bundle.jsonl,autodl_qwen25coder14b_e1_vul_type_prompt,ded20db163ff493d080c9054107c9b8615f33ce0ca1188f9ac8e2d33803b4de0,C_autodl_rtxpro6000x8,prompt,Qwen/Qwen2.5-Coder-14B-Instruct,autodl_qwen25coder14b_e1__vul_type__prompt,results\remote_mirror\C_autodl_rtxpro6000x8\experiments\runs\autodl_qwen25coder14b_e1__vul_type__prompt\vul_type__prompt\config.json,vul_type
experiment_configs/run_configs_bundle.jsonl,autodl_qwen25coder14b_e1_vul_type_qlora,5fb675cc256d9619ff8d166849fbca857f1f073c7c37dae8b9955b4c727d2260,C_autodl_rtxpro6000x8,qlora,Qwen/Qwen2.5-Coder-14B-Instruct,autodl_qwen25coder14b_e1__vul_type__qlora,results\remote_mirror\C_autodl_rtxpro6000x8\experiments\runs\autodl_qwen25coder14b_e1__vul_type__qlora\vul_type__finetune\config.json,vul_type
experiment_configs/run_configs_bundle.jsonl,autodl_qwen25coder32b_e1_gpu6_has_vul_direct,e44a16e10b9b0a97de3c96490880100db5ab4eb15015de8f7aea50e9c132eb26,C_autodl_rtxpro6000x8,direct,Qwen/Qwen2.5-Coder-32B-Instruct,autodl_qwen25coder32b_e1_gpu6__has_vul__direct,results\remote_mirror\C_autodl_rtxpro6000x8\experiments\runs\autodl_qwen25coder32b_e1_gpu6__has_vul__direct\has_vul__direct\config.json,has_vul
experiment_configs/run_configs_bundle.jsonl,autodl_qwen25coder32b_e1_gpu6_has_vul_prompt,c83491b9ec59062b84c336ce41d91e090e4310514d5db4544fff2def08ef474d,C_autodl_rtxpro6000x8,prompt,Qwen/Qwen2.5-Coder-32B-Instruct,autodl_qwen25coder32b_e1_gpu6__has_vul__prompt,results\remote_mirror\C_autodl_rtxpro6000x8\experiments\runs\autodl_qwen25coder32b_e1_gpu6__has_vul__prompt\has_vul__prompt\config.json,has_vul
experiment_configs/run_configs_bundle.jsonl,autodl_qwen25coder32b_e1_gpu6_has_vul_qlora,7d7346af08e777c65a6352b46cec6a03f2060438693b48071d7a386ff94532cc,C_autodl_rtxpro6000x8,qlora,Qwen/Qwen2.5-Coder-32B-Instruct,autodl_qwen25coder32b_e1_gpu6__has_vul__qlora,results\remote_mirror\C_autodl_rtxpro6000x8\experiments\runs\autodl_qwen25coder32b_e1_gpu6__has_vul__qlora\has_vul__finetune\config.json,has_vul
experiment_configs/run_configs_bundle.jsonl,autodl_qwen25coder32b_e1_gpu6_vul_line_direct,91b2e389603e1e76a96b12411deb641557e6fe59c658b526e7d61d594927bd90,C_autodl_rtxpro6000x8,direct,Qwen/Qwen2.5-Coder-32B-Instruct,autodl_qwen25coder32b_e1_gpu6__vul_line__direct,results\remote_mirror\C_autodl_rtxpro6000x8\experiments\runs\autodl_qwen25coder32b_e1_gpu6__vul_line__direct\vul_line__direct\config.json,vul_line
experiment_configs/run_configs_bundle.jsonl,autodl_qwen25coder32b_e1_gpu6_vul_line_prompt,1fb0bfb042a6481c3f5f2c53403a0b1846a25fbd97aaf7a025cb866863ce279c,C_autodl_rtxpro6000x8,prompt,Qwen/Qwen2.5-Coder-32B-Instruct,autodl_qwen25coder32b_e1_gpu6__vul_line__prompt,results\remote_mirror\C_autodl_rtxpro6000x8\experiments\runs\autodl_qwen25coder32b_e1_gpu6__vul_line__prompt\vul_line__prompt\config.json,vul_line
experiment_configs/run_configs_bundle.jsonl,autodl_qwen25coder32b_e1_gpu6_vul_line_qlora,5982091096d0ce68248ceaded401cc488937df749c5ce20c8fe1a6639f4ed645,C_autodl_reattached,qlora,Qwen/Qwen2.5-Coder-32B-Instruct,autodl_qwen25coder32b_e1_gpu6__vul_line__qlora,results\remote_mirror\C_autodl_rtxpro6000x8\experiments\runs\autodl_qwen25coder32b_e1_gpu6__vul_line__qlora\vul_line__finetune\config.json,vul_line
experiment_configs/run_configs_bundle.jsonl,autodl_qwen25coder32b_e1_gpu6_vul_type_direct,54fe0f52d1821dce199a4613fb381bbb27d5819d36d695db6724b7bc3e6aa74f,C_autodl_rtxpro6000x8,direct,Qwen/Qwen2.5-Coder-32B-Instruct,autodl_qwen25coder32b_e1_gpu6__vul_type__direct,results\remote_mirror\C_autodl_rtxpro6000x8\experiments\runs\autodl_qwen25coder32b_e1_gpu6__vul_type__direct\vul_type__direct\config.json,vul_type
experiment_configs/run_configs_bundle.jsonl,autodl_qwen25coder32b_e1_gpu6_vul_type_prompt,0de319ae45aefe619f60b22e44e87f46dfcc2910e8e4a4e1898a5b60dcfe660c,C_autodl_rtxpro6000x8,prompt,Qwen/Qwen2.5-Coder-32B-Instruct,autodl_qwen25coder32b_e1_gpu6__vul_type__prompt,results\remote_mirror\C_autodl_rtxpro6000x8\experiments\runs\autodl_qwen25coder32b_e1_gpu6__vul_type__prompt\vul_type__prompt\config.json,vul_type
experiment_configs/run_configs_bundle.jsonl,autodl_qwen25coder32b_e1_gpu6_vul_type_qlora,64a0e7c4f61df748d931b8c91de0e1a755c52a11ab6cf4690819032c64cb8765,C_autodl_reattached,qlora,Qwen/Qwen2.5-Coder-32B-Instruct,autodl_qwen25coder32b_e1_gpu6__vul_type__qlora,results\remote_mirror\C_autodl_rtxpro6000x8\experiments\runs\autodl_qwen25coder32b_e1_gpu6__vul_type__qlora\vul_type__finetune\config.json,vul_type
experiment_configs/run_configs_bundle.jsonl,machine_a_qwen25coder3b_e1_has_vul_direct,f8bfdd47d05e940d5b03a9cad02f4da9bd3d633a2ac728b1f21f27225e227b57,A_8.130.211.198,direct,Qwen/Qwen2.5-Coder-3B-Instruct,machine_a_qwen25coder3b_e1__has_vul__direct,results\remote_mirror\A_8.130.211.198\experiments\runs\machine_a_qwen25coder3b_e1__has_vul__direct\Qwen_Qwen2.5-Coder-3B-Instruct\has_vul__direct\config.json,has_vul
experiment_configs/run_configs_bundle.jsonl,machine_c_qwen25coder3b_full_e1_has_vul_full,8a19e61aa975f1395e79f0073a337ebf1335c93c431d1b9aeff7650fcd3005b7,C_autodl_rtxpro6000x8,full,Qwen/Qwen2.5-Coder-3B-Instruct,machine_c_qwen25coder3b_full_e1__has_vul__full,results\remote_mirror\C_autodl_rtxpro6000x8\experiments\runs\machine_c_qwen25coder3b_full_e1__has_vul__full\Qwen_Qwen2.5-Coder-3B-Instruct\has_vul__finetune\config.json,has_vul
experiment_configs/run_configs_bundle.jsonl,machine_a_qwen25coder3b_e1_has_vul_prompt,c49a48ff457f4db160e4644ab13a893da53d973c9d89c0d844670562368c70dd,A_8.130.211.198,prompt,Qwen/Qwen2.5-Coder-3B-Instruct,machine_a_qwen25coder3b_e1__has_vul__prompt,results\remote_mirror\A_8.130.211.198\experiments\runs\machine_a_qwen25coder3b_e1__has_vul__prompt\Qwen_Qwen2.5-Coder-3B-Instruct\has_vul__prompt\config.json,has_vul
experiment_configs/run_configs_bundle.jsonl,machine_a_qwen25coder3b_e1_has_vul_qlora,707002965f6cb191bc51f56499ffee7d7e361f883573ffc0501339248f0e2928,A_8.130.211.198,qlora,Qwen/Qwen2.5-Coder-3B-Instruct,machine_a_qwen25coder3b_e1__has_vul__qlora,results\remote_mirror\A_8.130.211.198\experiments\runs\machine_a_qwen25coder3b_e1__has_vul__qlora\Qwen_Qwen2.5-Coder-3B-Instruct\has_vul__finetune\config.json,has_vul
experiment_configs/run_configs_bundle.jsonl,machine_a_qwen25coder3b_e1_vul_line_direct,65fc33ddc6c5bbb6bd66ae2b9f4171389ef492ca54bff3b3c6be17e762a31937,A_8.130.211.198,direct,Qwen/Qwen2.5-Coder-3B-Instruct,machine_a_qwen25coder3b_e1__vul_line__direct,results\remote_mirror\A_8.130.211.198\experiments\runs\machine_a_qwen25coder3b_e1__vul_line__direct\Qwen_Qwen2.5-Coder-3B-Instruct\vul_line__direct\config.json,vul_line
experiment_configs/run_configs_bundle.jsonl,machine_c_qwen25coder3b_full_e1_vul_line_full,e0860ffd66afa0e7829654d54846bed078830753e544b29649d1210dca8f0342,C_autodl_rtxpro6000x8,full,Qwen/Qwen2.5-Coder-3B-Instruct,machine_c_qwen25coder3b_full_e1__vul_line__full,results\remote_mirror\C_autodl_rtxpro6000x8\experiments\runs\machine_c_qwen25coder3b_full_e1__vul_line__full\Qwen_Qwen2.5-Coder-3B-Instruct\vul_line__finetune\config.json,vul_line
experiment_configs/run_configs_bundle.jsonl,machine_a_qwen25coder3b_e1_vul_line_prompt,353f4e3dcec4230d34edba1fa8bf4c340aa22e9036da56aa8fb789438b4b67f4,A_8.130.211.198,prompt,Qwen/Qwen2.5-Coder-3B-Instruct,machine_a_qwen25coder3b_e1__vul_line__prompt,results\remote_mirror\A_8.130.211.198\experiments\runs\machine_a_qwen25coder3b_e1__vul_line__prompt\Qwen_Qwen2.5-Coder-3B-Instruct\vul_line__prompt\config.json,vul_line
experiment_configs/run_configs_bundle.jsonl,machine_a_qwen25coder3b_e1_vul_line_qlora,15668191d7764d3a2dc975e268afe5684d3dd5bc7d8717a7c2eccf0ec1c40ec4,A_8.130.211.198,qlora,Qwen/Qwen2.5-Coder-3B-Instruct,machine_a_qwen25coder3b_e1__vul_line__qlora,results\remote_mirror\A_8.130.211.198\experiments\runs\machine_a_qwen25coder3b_e1__vul_line__qlora\Qwen_Qwen2.5-Coder-3B-Instruct\vul_line__finetune\config.json,vul_line
experiment_configs/run_configs_bundle.jsonl,machine_a_qwen25coder3b_e1_vul_type_direct,ad19050c8b4d112077ee6915a0c44dbeaa5bf135d406dd86accdf9b1fe54c504,A_8.130.211.198,direct,Qwen/Qwen2.5-Coder-3B-Instruct,machine_a_qwen25coder3b_e1__vul_type__direct,results\remote_mirror\A_8.130.211.198\experiments\runs\machine_a_qwen25coder3b_e1__vul_type__direct\Qwen_Qwen2.5-Coder-3B-Instruct\vul_type__direct\config.json,vul_type
experiment_configs/run_configs_bundle.jsonl,machine_c_qwen25coder3b_full_e1_vul_type_full,0526859faff757601de98585304f9d3851e761081121dc416a3763cad534efbf,C_autodl_rtxpro6000x8,full,Qwen/Qwen2.5-Coder-3B-Instruct,machine_c_qwen25coder3b_full_e1__vul_type__full,results\remote_mirror\C_autodl_rtxpro6000x8\experiments\runs\machine_c_qwen25coder3b_full_e1__vul_type__full\Qwen_Qwen2.5-Coder-3B-Instruct\vul_type__finetune\config.json,vul_type
experiment_configs/run_configs_bundle.jsonl,machine_a_qwen25coder3b_e1_vul_type_prompt,696cee626039e3202cddd79c792abdcd4e329a96a5a70bdc84194ca5ee278624,A_8.130.211.198,prompt,Qwen/Qwen2.5-Coder-3B-Instruct,machine_a_qwen25coder3b_e1__vul_type__prompt,results\remote_mirror\A_8.130.211.198\experiments\runs\machine_a_qwen25coder3b_e1__vul_type__prompt\Qwen_Qwen2.5-Coder-3B-Instruct\vul_type__prompt\config.json,vul_type
experiment_configs/run_configs_bundle.jsonl,machine_a_qwen25coder3b_e1_vul_type_qlora,29d39ece004a68be329482d9aecc142a95932c6d4612d9f374e926fcf2a67650,A_8.130.211.198,qlora,Qwen/Qwen2.5-Coder-3B-Instruct,machine_a_qwen25coder3b_e1__vul_type__qlora,results\remote_mirror\A_8.130.211.198\experiments\runs\machine_a_qwen25coder3b_e1__vul_type__qlora\Qwen_Qwen2.5-Coder-3B-Instruct\vul_type__finetune\config.json,vul_type
experiment_configs/run_configs_bundle.jsonl,autodl_qwen25coder7b_e1_has_vul_direct,699957de8bc25635a9ef9fc168ea52dc1f6db7de86cfccb53c339626b8d2467d,C_autodl_rtxpro6000x8,direct,Qwen/Qwen2.5-Coder-7B-Instruct,autodl_qwen25coder7b_e1__has_vul__direct,results\remote_mirror\C_autodl_rtxpro6000x8\experiments\runs\autodl_qwen25coder7b_e1__has_vul__direct\has_vul__direct\config.json,has_vul
experiment_configs/run_configs_bundle.jsonl,autodl_qwen25coder7b_e1_has_vul_prompt,bf08e0581e72bb5536be333c224ba2f6c07fbcc1c909f919617a7df01ab49d89,C_autodl_rtxpro6000x8,prompt,Qwen/Qwen2.5-Coder-7B-Instruct,autodl_qwen25coder7b_e1__has_vul__prompt,results\remote_mirror\C_autodl_rtxpro6000x8\experiments\runs\autodl_qwen25coder7b_e1__has_vul__prompt\has_vul__prompt\config.json,has_vul
experiment_configs/run_configs_bundle.jsonl,autodl_qwen25coder7b_e1_has_vul_qlora,5d927500aeeb9df3c1b2c3005acd0728ff9213a7703710f13fe8d2fab1af7ecf,C_autodl_rtxpro6000x8,qlora,Qwen/Qwen2.5-Coder-7B-Instruct,autodl_qwen25coder7b_e1__has_vul__qlora,results\remote_mirror\C_autodl_rtxpro6000x8\experiments\runs\autodl_qwen25coder7b_e1__has_vul__qlora\has_vul__finetune\config.json,has_vul
experiment_configs/run_configs_bundle.jsonl,autodl_qwen25coder7b_e1_vul_line_direct,be06ee8ce78459bd20f20302ee515a2b0b7208543d401ffb25df85a9da2ab4b3,C_autodl_rtxpro6000x8,direct,Qwen/Qwen2.5-Coder-7B-Instruct,autodl_qwen25coder7b_e1__vul_line__direct,results\remote_mirror\C_autodl_rtxpro6000x8\experiments\runs\autodl_qwen25coder7b_e1__vul_line__direct\vul_line__direct\config.json,vul_line
experiment_configs/run_configs_bundle.jsonl,autodl_qwen25coder7b_e1_vul_line_prompt,fc2aac92f96a1651015d234bfe8a4a0330c63b19df3533ee0c816449af45ad70,C_autodl_rtxpro6000x8,prompt,Qwen/Qwen2.5-Coder-7B-Instruct,autodl_qwen25coder7b_e1__vul_line__prompt,results\remote_mirror\C_autodl_rtxpro6000x8\experiments\runs\autodl_qwen25coder7b_e1__vul_line__prompt\vul_line__prompt\config.json,vul_line
experiment_configs/run_configs_bundle.jsonl,autodl_qwen25coder7b_e1_vul_line_qlora,4f68f8bbd1f14867b8c718156a3de634ea754fe7900f4292d8416bdfc2cdf96d,C_autodl_rtxpro6000x8,qlora,Qwen/Qwen2.5-Coder-7B-Instruct,autodl_qwen25coder7b_e1__vul_line__qlora,results\remote_mirror\C_autodl_rtxpro6000x8\experiments\runs\autodl_qwen25coder7b_e1__vul_line__qlora\vul_line__finetune\config.json,vul_line
experiment_configs/run_configs_bundle.jsonl,autodl_qwen25coder7b_e1_vul_type_direct,db02204eb62518f960be7f97b295213f05a159fd7dcecf2549d64528737cf372,C_autodl_rtxpro6000x8,direct,Qwen/Qwen2.5-Coder-7B-Instruct,autodl_qwen25coder7b_e1__vul_type__direct,results\remote_mirror\C_autodl_rtxpro6000x8\experiments\runs\autodl_qwen25coder7b_e1__vul_type__direct\vul_type__direct\config.json,vul_type
experiment_configs/run_configs_bundle.jsonl,autodl_qwen25coder7b_e1_vul_type_prompt,a6d311abdd1787ab4ec8c14b55469840881913188192b45b858a822faf042ede,C_autodl_rtxpro6000x8,prompt,Qwen/Qwen2.5-Coder-7B-Instruct,autodl_qwen25coder7b_e1__vul_type__prompt,results\remote_mirror\C_autodl_rtxpro6000x8\experiments\runs\autodl_qwen25coder7b_e1__vul_type__prompt\vul_type__prompt\config.json,vul_type
experiment_configs/run_configs_bundle.jsonl,autodl_qwen25coder7b_e1_vul_type_qlora,72d1af3175fcd9f505750436ba29421304cb7ac4c4801aeef3395965455a00c2,C_autodl_rtxpro6000x8,qlora,Qwen/Qwen2.5-Coder-7B-Instruct,autodl_qwen25coder7b_e1__vul_type__qlora,results\remote_mirror\C_autodl_rtxpro6000x8\experiments\runs\autodl_qwen25coder7b_e1__vul_type__qlora\vul_type__finetune\config.json,vul_type
experiment_configs/run_configs_bundle.jsonl,machine_b_codet5_base_full_e1_has_vul_full,973fb6083d4c957f5d3fe39cb1259179650341cfc8931a7b023d246537af15e1,B_39.105.139.36,full,Salesforce/codet5-base,machine_b_codet5_base_full_e1__has_vul__full,results\remote_mirror\B_39.105.139.36\experiments\runs\machine_b_codet5_base_full_e1__has_vul__full\Salesforce_codet5-base\has_vul__finetune\config.json,has_vul
experiment_configs/run_configs_bundle.jsonl,machine_b_codet5_base_full_e1_vul_type_full,465471374b9b4c9e49f4da8b065946488b3b6992791396d97aa3a85839451a0a,B_39.105.139.36,full,Salesforce/codet5-base,machine_b_codet5_base_full_e1__vul_type__full,results\remote_mirror\B_39.105.139.36\experiments\runs\machine_b_codet5_base_full_e1__vul_type__full\Salesforce_codet5-base\vul_type__finetune\config.json,vul_type
experiment_configs/run_configs_bundle.jsonl,machine_a_wizardcoder_python_7b_e1_vul_line_direct,4534260deaedb20ebc00c70af6064d20cac6412f77d0a5f2c6472cae18c4b341,A_8.130.211.198,direct,WizardLM/WizardCoder-Python-7B-V1.0,machine_a_wizardcoder_python_7b_e1__vul_line__direct,results\remote_mirror\A_8.130.211.198\experiments\runs\machine_a_wizardcoder_python_7b_e1__vul_line__direct\705539015581\config.json,vul_line
experiment_configs/run_configs_bundle.jsonl,autodl_wizardcoder_python_7b_e1_gpu1_vul_line_prompt_qlora_vul_line_qlora,cd3d5326684ec5b524766fb0089d640079fdd33dd3c539202bdbe1f86d154bfb,C_autodl_rtxpro6000x8,qlora,WizardLM/WizardCoder-Python-7B-V1.0,autodl_wizardcoder_python_7b_e1_gpu1_vul_line_prompt_qlora__vul_line__qlora,results\remote_mirror\C_autodl_rtxpro6000x8\experiments\runs\autodl_wizardcoder_python_7b_e1_gpu1_vul_line_prompt_qlora__vul_line__qlora\vul_line__finetune\config.json,vul_line
experiment_configs/run_configs_bundle.jsonl,machine_a_wizardcoder_python_7b_e1_vul_type_direct,907b92c42b16ddef451bfc36e4ec8524c598e52b7e1d0342a69f306b4ab8f7ff,A_8.130.211.198,direct,WizardLM/WizardCoder-Python-7B-V1.0,machine_a_wizardcoder_python_7b_e1__vul_type__direct,results\remote_mirror\A_8.130.211.198\experiments\runs\machine_a_wizardcoder_python_7b_e1__vul_type__direct\55492683473\config.json,vul_type
experiment_configs/run_configs_bundle.jsonl,machine_a_wizardcoder_python_7b_e1_vul_type_prompt,a26446376ba990f95e86427830c7623032bf167952202894375a11dab92d901e,A_8.130.211.198,prompt,WizardLM/WizardCoder-Python-7B-V1.0,machine_a_wizardcoder_python_7b_e1__vul_type__prompt,results\remote_mirror\A_8.130.211.198\experiments\runs\machine_a_wizardcoder_python_7b_e1__vul_type__prompt\304601110605\config.json,vul_type
experiment_configs/run_configs_bundle.jsonl,machine_a_wizardcoder_python_7b_e1_vul_type_qlora,cd3816cdffdced521e4fd30c4ec544881cbfd868e3aa85f2a9da445d910196ba,A_8.130.211.198,qlora,WizardLM/WizardCoder-Python-7B-V1.0,machine_a_wizardcoder_python_7b_e1__vul_type__qlora,results\remote_mirror\A_8.130.211.198\experiments\runs\machine_a_wizardcoder_python_7b_e1__vul_type__qlora\249478253931\config.json,vul_type
experiment_configs/run_configs_bundle.jsonl,autodl_starcoder2_15b_e1_has_vul_direct,120ee5554263f09e8a9aeddd4e0c661a7664dff793ae19cf617da1bb8d71206c,C_autodl_rtxpro6000x8,direct,bigcode/starcoder2-15b,autodl_starcoder2_15b_e1__has_vul__direct,results\remote_mirror\C_autodl_rtxpro6000x8\experiments\runs\autodl_starcoder2_15b_e1__has_vul__direct\has_vul__direct\config.json,has_vul
experiment_configs/run_configs_bundle.jsonl,autodl_starcoder2_15b_e1_has_vul_prompt,30459e419195c0ac2bb606ce788d61f416298bd6ef2c32448dc7b7306a5af275,C_autodl_rtxpro6000x8,prompt,bigcode/starcoder2-15b,autodl_starcoder2_15b_e1__has_vul__prompt,results\remote_mirror\C_autodl_rtxpro6000x8\experiments\runs\autodl_starcoder2_15b_e1__has_vul__prompt\has_vul__prompt\config.json,has_vul
experiment_configs/run_configs_bundle.jsonl,autodl_starcoder2_15b_e1_has_vul_qlora,908fdf7dd50e080ea60f0e9dae8efee43b996a2b8bd1ff0954baf0ac03e1c780,C_autodl_rtxpro6000x8,qlora,bigcode/starcoder2-15b,autodl_starcoder2_15b_e1__has_vul__qlora,results\remote_mirror\C_autodl_rtxpro6000x8\experiments\runs\autodl_starcoder2_15b_e1__has_vul__qlora\has_vul__finetune\config.json,has_vul
experiment_configs/run_configs_bundle.jsonl,autodl_starcoder2_15b_e1_vul_line_direct,098a34f518ff3251e47d0998959e4acf959caf70fe7089e1c38723dd96848326,C_autodl_rtxpro6000x8,direct,bigcode/starcoder2-15b,autodl_starcoder2_15b_e1__vul_line__direct,results\remote_mirror\C_autodl_rtxpro6000x8\experiments\runs\autodl_starcoder2_15b_e1__vul_line__direct\vul_line__direct\config.json,vul_line
experiment_configs/run_configs_bundle.jsonl,autodl_starcoder2_15b_e1_vul_line_prompt,6f12aec88939eff1cf0a420b84fb0ea21a3ae9c949ac1ff13dcfa68ae6aa41cb,C_autodl_rtxpro6000x8,prompt,bigcode/starcoder2-15b,autodl_starcoder2_15b_e1__vul_line__prompt,results\remote_mirror\C_autodl_rtxpro6000x8\experiments\runs\autodl_starcoder2_15b_e1__vul_line__prompt\vul_line__prompt\config.json,vul_line
experiment_configs/run_configs_bundle.jsonl,autodl_starcoder2_15b_e1_vul_line_qlora,de2e0a22a0b55416e919807a68f8771a86f789016fda66f597cc0ed5f2915bc3,C_autodl_rtxpro6000x8,qlora,bigcode/starcoder2-15b,autodl_starcoder2_15b_e1__vul_line__qlora,results\remote_mirror\C_autodl_rtxpro6000x8\experiments\runs\autodl_starcoder2_15b_e1__vul_line__qlora\vul_line__finetune\config.json,vul_line
experiment_configs/run_configs_bundle.jsonl,autodl_starcoder2_15b_e1_vul_type_direct,ce32bbbf8ad50416ee14c597366eec81a954d1671175b31e6bf3d73285d78e76,C_autodl_rtxpro6000x8,direct,bigcode/starcoder2-15b,autodl_starcoder2_15b_e1__vul_type__direct,results\remote_mirror\C_autodl_rtxpro6000x8\experiments\runs\autodl_starcoder2_15b_e1__vul_type__direct\vul_type__direct\config.json,vul_type
experiment_configs/run_configs_bundle.jsonl,autodl_starcoder2_15b_e1_vul_type_prompt,97c4d96817128610a5401935b521747433e69bb43311f64d68250aa99669b3c1,C_autodl_rtxpro6000x8,prompt,bigcode/starcoder2-15b,autodl_starcoder2_15b_e1__vul_type__prompt,results\remote_mirror\C_autodl_rtxpro6000x8\experiments\runs\autodl_starcoder2_15b_e1__vul_type__prompt\vul_type__prompt\config.json,vul_type
experiment_configs/run_configs_bundle.jsonl,autodl_starcoder2_15b_e1_vul_type_qlora,5cc0fc67007eeede8c0786cc084d2e15e82bd0cc3bebff91934e0bf28ffd6ea8,C_autodl_rtxpro6000x8,qlora,bigcode/starcoder2-15b,autodl_starcoder2_15b_e1__vul_type__qlora,results\remote_mirror\C_autodl_rtxpro6000x8\experiments\runs\autodl_starcoder2_15b_e1__vul_type__qlora\vul_type__finetune\config.json,vul_type
experiment_configs/run_configs_bundle.jsonl,autodl_starcoder2_3b_e1_has_vul_direct,82baee2092622cbb3aa4c59fe3955e024f5394655aa095af909c1fe49d92a626,C_autodl_rtxpro6000x8,direct,bigcode/starcoder2-3b,autodl_starcoder2_3b_e1__has_vul__direct,results\remote_mirror\C_autodl_rtxpro6000x8\experiments\runs\autodl_starcoder2_3b_e1__has_vul__direct\400657881485\config.json,has_vul
experiment_configs/run_configs_bundle.jsonl,autodl_starcoder2_3b_e1_has_vul_full,c3254427f66e3126f37803939ca15ce664c6d65928fa07d1e2693fe2c865ae22,C_autodl_rtxpro6000x8,full,bigcode/starcoder2-3b,autodl_starcoder2_3b_e1__has_vul__full,results\remote_mirror\C_autodl_rtxpro6000x8\experiments\runs\autodl_starcoder2_3b_e1__has_vul__full\72040521389\config.json,has_vul
experiment_configs/run_configs_bundle.jsonl,autodl_starcoder2_3b_e1_has_vul_prompt,b7a532e8057d9320cbd9f597024fa82dbd5bfaa200dbc27db2d9f89d3d2f2e2a,C_autodl_rtxpro6000x8,prompt,bigcode/starcoder2-3b,autodl_starcoder2_3b_e1__has_vul__prompt,results\remote_mirror\C_autodl_rtxpro6000x8\experiments\runs\autodl_starcoder2_3b_e1__has_vul__prompt\850655052783\config.json,has_vul
experiment_configs/run_configs_bundle.jsonl,autodl_starcoder2_3b_e1_has_vul_qlora,b656d20d160ebd7182b75059552ac187304ee3eacd02809b627a5449bab1c28b,C_autodl_rtxpro6000x8,qlora,bigcode/starcoder2-3b,autodl_starcoder2_3b_e1__has_vul__qlora,results\remote_mirror\C_autodl_rtxpro6000x8\experiments\runs\autodl_starcoder2_3b_e1__has_vul__qlora\735827408684\config.json,has_vul
experiment_configs/run_configs_bundle.jsonl,autodl_starcoder2_3b_e1_vul_line_direct,f46cbb8e40ca994586b58301174bd18aa1bf31d7781a86c0502474beb4ba2c05,C_autodl_rtxpro6000x8,direct,bigcode/starcoder2-3b,autodl_starcoder2_3b_e1__vul_line__direct,results\remote_mirror\C_autodl_rtxpro6000x8\experiments\runs\autodl_starcoder2_3b_e1__vul_line__direct\836481081367\config.json,vul_line
experiment_configs/run_configs_bundle.jsonl,autodl_starcoder2_3b_e1_vul_line_full,f04fc0451f0c9eae850a204e76632e086e7d65e91e2cbea6593fe5520abcee5f,C_autodl_rtxpro6000x8,full,bigcode/starcoder2-3b,autodl_starcoder2_3b_e1__vul_line__full,results\remote_mirror\C_autodl_rtxpro6000x8\experiments\runs\autodl_starcoder2_3b_e1__vul_line__full\368991951107\config.json,vul_line
experiment_configs/run_configs_bundle.jsonl,autodl_starcoder2_3b_e1_vul_line_prompt,f0492057c8839e695e03516acd04e2be23378d365afb86a7d7c58616d2b1ca04,C_autodl_rtxpro6000x8,prompt,bigcode/starcoder2-3b,autodl_starcoder2_3b_e1__vul_line__prompt,results\remote_mirror\C_autodl_rtxpro6000x8\experiments\runs\autodl_starcoder2_3b_e1__vul_line__prompt\822634396124\config.json,vul_line
experiment_configs/run_configs_bundle.jsonl,autodl_starcoder2_3b_e1_vul_line_qlora,87208d6011f717eac65ab02d0fa5836d2bbb07bd6c69eb7e73575fc0188b0f88,C_autodl_rtxpro6000x8,qlora,bigcode/starcoder2-3b,autodl_starcoder2_3b_e1__vul_line__qlora,results\remote_mirror\C_autodl_rtxpro6000x8\experiments\runs\autodl_starcoder2_3b_e1__vul_line__qlora\vul_line__finetune\config.json,vul_line
experiment_configs/run_configs_bundle.jsonl,autodl_starcoder2_3b_e1_vul_type_direct,e3372b3087348b4143936d694510444db3a8a6db3ab33a14aa11fe2fa1d733bd,C_autodl_rtxpro6000x8,direct,bigcode/starcoder2-3b,autodl_starcoder2_3b_e1__vul_type__direct,results\remote_mirror\C_autodl_rtxpro6000x8\experiments\runs\autodl_starcoder2_3b_e1__vul_type__direct\188649091467\config.json,vul_type
experiment_configs/run_configs_bundle.jsonl,autodl_starcoder2_3b_e1_vul_type_full,8ca7cdefa02f619a67bf6dfa1d5362faddc3ab2c5f8e19f986f1a669c71d1515,C_autodl_rtxpro6000x8,full,bigcode/starcoder2-3b,autodl_starcoder2_3b_e1__vul_type__full,results\remote_mirror\C_autodl_rtxpro6000x8\experiments\runs\autodl_starcoder2_3b_e1__vul_type__full\932922780522\config.json,vul_type
experiment_configs/run_configs_bundle.jsonl,autodl_starcoder2_3b_e1_vul_type_prompt,32095a6207af97a57164cabff1c69edbe3f9f11ca5ab4e56bfe669ca1a9e8c2f,C_autodl_rtxpro6000x8,prompt,bigcode/starcoder2-3b,autodl_starcoder2_3b_e1__vul_type__prompt,results\remote_mirror\C_autodl_rtxpro6000x8\experiments\runs\autodl_starcoder2_3b_e1__vul_type__prompt\553674965640\config.json,vul_type
experiment_configs/run_configs_bundle.jsonl,autodl_starcoder2_3b_e1_vul_type_qlora,7598902c413d15fa836be3decb7a836b0e1b374890982f5342b27ae642369c41,C_autodl_rtxpro6000x8,qlora,bigcode/starcoder2-3b,autodl_starcoder2_3b_e1__vul_type__qlora,results\remote_mirror\C_autodl_rtxpro6000x8\experiments\runs\autodl_starcoder2_3b_e1__vul_type__qlora\616024847319\config.json,vul_type
experiment_configs/run_configs_bundle.jsonl,autodl_starcoder2_7b_e1_has_vul_direct,9a2cc96ac6c0e5d24f5c79b6d02e29fa6692f161dd96519713749aad84d7b11a,C_autodl_rtxpro6000x8,direct,bigcode/starcoder2-7b,autodl_starcoder2_7b_e1__has_vul__direct,results\remote_mirror\C_autodl_rtxpro6000x8\experiments\runs\autodl_starcoder2_7b_e1__has_vul__direct\has_vul__direct\config.json,has_vul
experiment_configs/run_configs_bundle.jsonl,autodl_starcoder2_7b_e1_has_vul_prompt,d5c755a618537b3228345d11f4616a8ad88deb589508585e6d6197c407d28f34,C_autodl_rtxpro6000x8,prompt,bigcode/starcoder2-7b,autodl_starcoder2_7b_e1__has_vul__prompt,results\remote_mirror\C_autodl_rtxpro6000x8\experiments\runs\autodl_starcoder2_7b_e1__has_vul__prompt\has_vul__prompt\config.json,has_vul
experiment_configs/run_configs_bundle.jsonl,autodl_starcoder2_7b_e1_has_vul_qlora,bc905261861bf6bd6b8be5932e13c229c77f3b08657e962b3f8cd5794d9d7e33,C_autodl_rtxpro6000x8,qlora,bigcode/starcoder2-7b,autodl_starcoder2_7b_e1__has_vul__qlora,results\remote_mirror\C_autodl_rtxpro6000x8\experiments\runs\autodl_starcoder2_7b_e1__has_vul__qlora\has_vul__finetune\config.json,has_vul
experiment_configs/run_configs_bundle.jsonl,autodl_starcoder2_7b_e1_vul_line_direct,48a532c4548dcaff7d3d6e4a90ae18ded03118e3ae831c0f913804509ae9b6d3,C_autodl_rtxpro6000x8,direct,bigcode/starcoder2-7b,autodl_starcoder2_7b_e1__vul_line__direct,results\remote_mirror\C_autodl_rtxpro6000x8\experiments\runs\autodl_starcoder2_7b_e1__vul_line__direct\vul_line__direct\config.json,vul_line
experiment_configs/run_configs_bundle.jsonl,autodl_starcoder2_7b_e1_vul_line_prompt,c14e59e51a13fdd69c32b91f81596b0a13926396df7ee00ee15c46d5383caf0b,C_autodl_rtxpro6000x8,prompt,bigcode/starcoder2-7b,autodl_starcoder2_7b_e1__vul_line__prompt,results\remote_mirror\C_autodl_rtxpro6000x8\experiments\runs\autodl_starcoder2_7b_e1__vul_line__prompt\vul_line__prompt\config.json,vul_line
experiment_configs/run_configs_bundle.jsonl,autodl_starcoder2_7b_e1_vul_line_qlora,0a0d006555c87479a77aeca7d41c85d6ae26d06990000b80b81755bba777c1bc,C_autodl_rtxpro6000x8,qlora,bigcode/starcoder2-7b,autodl_starcoder2_7b_e1__vul_line__qlora,results\remote_mirror\C_autodl_rtxpro6000x8\experiments\runs\autodl_starcoder2_7b_e1__vul_line__qlora\vul_line__finetune\config.json,vul_line
experiment_configs/run_configs_bundle.jsonl,autodl_starcoder2_7b_e1_vul_type_direct,254b1bb36e02e0327e0897b372dd6a45676e1a1115c8296896da8eaa43036da9,C_autodl_rtxpro6000x8,direct,bigcode/starcoder2-7b,autodl_starcoder2_7b_e1__vul_type__direct,results\remote_mirror\C_autodl_rtxpro6000x8\experiments\runs\autodl_starcoder2_7b_e1__vul_type__direct\vul_type__direct\config.json,vul_type
experiment_configs/run_configs_bundle.jsonl,autodl_starcoder2_7b_e1_vul_type_prompt,a5224ef79c0f99056f592cb014b87c80ab404fc00dbe4928a27cbaee644f2c67,C_autodl_rtxpro6000x8,prompt,bigcode/starcoder2-7b,autodl_starcoder2_7b_e1__vul_type__prompt,results\remote_mirror\C_autodl_rtxpro6000x8\experiments\runs\autodl_starcoder2_7b_e1__vul_type__prompt\vul_type__prompt\config.json,vul_type
experiment_configs/run_configs_bundle.jsonl,autodl_starcoder2_7b_e1_vul_type_qlora,b14bc68f39aec34bde304d7d49227f94ac149ff0550b9e888fef5c53efac2274,C_autodl_rtxpro6000x8,qlora,bigcode/starcoder2-7b,autodl_starcoder2_7b_e1__vul_type__qlora,results\remote_mirror\C_autodl_rtxpro6000x8\experiments\runs\autodl_starcoder2_7b_e1__vul_type__qlora\vul_type__finetune\config.json,vul_type
experiment_configs/run_configs_bundle.jsonl,autodl_codellama_13b_e1_has_vul_direct,74fef1f8d862b0b1d2e950f7be7013dc8e8a23aba1d9f38647c2a50277e2b4ae,C_autodl_rtxpro6000x8,direct,codellama/CodeLlama-13b-hf,autodl_codellama_13b_e1__has_vul__direct,results\remote_mirror\C_autodl_rtxpro6000x8\experiments\runs\autodl_codellama_13b_e1__has_vul__direct\has_vul__direct\config.json,has_vul
experiment_configs/run_configs_bundle.jsonl,autodl_codellama_13b_e1_has_vul_prompt,91f502a74e4e3b3eb4e6a7cc143e4c7bcb9af60374a6df3c03c43e83ac266b2c,C_autodl_rtxpro6000x8,prompt,codellama/CodeLlama-13b-hf,autodl_codellama_13b_e1__has_vul__prompt,results\remote_mirror\C_autodl_rtxpro6000x8\experiments\runs\autodl_codellama_13b_e1__has_vul__prompt\has_vul__prompt\config.json,has_vul
experiment_configs/run_configs_bundle.jsonl,autodl_codellama_13b_e1_has_vul_qlora,14ef36cec8314e72bce125ea5cc89cf4d7ca5914be0de78f37ceb0fa385c96da,C_autodl_rtxpro6000x8,qlora,codellama/CodeLlama-13b-hf,autodl_codellama_13b_e1__has_vul__qlora,results\remote_mirror\C_autodl_rtxpro6000x8\experiments\runs\autodl_codellama_13b_e1__has_vul__qlora\has_vul__finetune\config.json,has_vul
experiment_configs/run_configs_bundle.jsonl,autodl_codellama_13b_e1_vul_line_direct,33dc40070e2f51902afa6fed86ee37e2c1e1bc51aa69d94906bf42ec418e9de9,C_autodl_rtxpro6000x8,direct,codellama/CodeLlama-13b-hf,autodl_codellama_13b_e1__vul_line__direct,results\remote_mirror\C_autodl_rtxpro6000x8\experiments\runs\autodl_codellama_13b_e1__vul_line__direct\vul_line__direct\config.json,vul_line
experiment_configs/run_configs_bundle.jsonl,autodl_codellama_13b_e1_vul_line_prompt,64c1ca47340f0950633dc432d3063ae0f9bd627ff085d32e56aef5818efa08af,C_autodl_rtxpro6000x8,prompt,codellama/CodeLlama-13b-hf,autodl_codellama_13b_e1__vul_line__prompt,results\remote_mirror\C_autodl_rtxpro6000x8\experiments\runs\autodl_codellama_13b_e1__vul_line__prompt\vul_line__prompt\config.json,vul_line
experiment_configs/run_configs_bundle.jsonl,autodl_codellama_13b_e1_vul_line_qlora,17c64e733bb781f0e66961fc8b45e28f84ff37a33094ecdbbb089baffd213395,C_autodl_rtxpro6000x8,qlora,codellama/CodeLlama-13b-hf,autodl_codellama_13b_e1__vul_line__qlora,results\remote_mirror\C_autodl_rtxpro6000x8\experiments\runs\autodl_codellama_13b_e1__vul_line__qlora\vul_line__finetune\config.json,vul_line
experiment_configs/run_configs_bundle.jsonl,autodl_codellama_13b_e1_vul_type_direct,3f54d1a1f15995d0d7c43b59aa2677ef547292dba449cba6152dd0db580db394,C_autodl_rtxpro6000x8,direct,codellama/CodeLlama-13b-hf,autodl_codellama_13b_e1__vul_type__direct,results\remote_mirror\C_autodl_rtxpro6000x8\experiments\runs\autodl_codellama_13b_e1__vul_type__direct\vul_type__direct\config.json,vul_type
experiment_configs/run_configs_bundle.jsonl,autodl_codellama_13b_e1_vul_type_prompt,6eef34a3efb904e46928024ce08e0d310cd771780af9314f86c3965ec2c0aa30,C_autodl_rtxpro6000x8,prompt,codellama/CodeLlama-13b-hf,autodl_codellama_13b_e1__vul_type__prompt,results\remote_mirror\C_autodl_rtxpro6000x8\experiments\runs\autodl_codellama_13b_e1__vul_type__prompt\vul_type__prompt\config.json,vul_type
experiment_configs/run_configs_bundle.jsonl,autodl_codellama_13b_e1_vul_type_qlora,c9872d08d291eafbde89396e38d5b4955f54758b30fec3f2280604df063a4b21,C_autodl_rtxpro6000x8,qlora,codellama/CodeLlama-13b-hf,autodl_codellama_13b_e1__vul_type__qlora,results\remote_mirror\C_autodl_rtxpro6000x8\experiments\runs\autodl_codellama_13b_e1__vul_type__qlora\vul_type__finetune\config.json,vul_type
experiment_configs/run_configs_bundle.jsonl,autodl_codellama34b_e1_gpu2_has_vul_vul_type_has_vul_direct,96743b3ca17b5dbba9df8acb9ed25e467d52c0e82398c74f9e0cac684e52ae40,C_autodl_rtxpro6000x8,direct,codellama/CodeLlama-34b-hf,autodl_codellama34b_e1_gpu2_has_vul_vul_type__has_vul__direct,results\remote_mirror\C_autodl_rtxpro6000x8\experiments\runs\autodl_codellama34b_e1_gpu2_has_vul_vul_type__has_vul__direct\has_vul__direct\config.json,has_vul
experiment_configs/run_configs_bundle.jsonl,autodl_codellama34b_e1_gpu2_has_vul_vul_type_has_vul_prompt,81a8b7b66bc691c6e5bdde3b19214e613d9bbeece2c2a98174eb5a11c0499264,C_autodl_rtxpro6000x8,prompt,codellama/CodeLlama-34b-hf,autodl_codellama34b_e1_gpu2_has_vul_vul_type__has_vul__prompt,results\remote_mirror\C_autodl_rtxpro6000x8\experiments\runs\autodl_codellama34b_e1_gpu2_has_vul_vul_type__has_vul__prompt\has_vul__prompt\config.json,has_vul
experiment_configs/run_configs_bundle.jsonl,autodl_codellama34b_e1_gpu2_has_vul_vul_type_has_vul_qlora,502d31da68f736eb2177b97644e7704749a4f4be5a67d85eaa63eee949cda9a2,C_autodl_rtxpro6000x8,qlora,codellama/CodeLlama-34b-hf,autodl_codellama34b_e1_gpu2_has_vul_vul_type__has_vul__qlora,results\remote_mirror\C_autodl_rtxpro6000x8\experiments\runs\autodl_codellama34b_e1_gpu2_has_vul_vul_type__has_vul__qlora\has_vul__finetune\config.json,has_vul
experiment_configs/run_configs_bundle.jsonl,autodl_codellama34b_e1_gpu1_vul_line_direct_after_wizard_vul_line_direct,65688b933a4ca95864621126972ebac071f81d3178012b4fc3f0865ba7ce8390,C_autodl_rtxpro6000x8,direct,codellama/CodeLlama-34b-hf,autodl_codellama34b_e1_gpu1_vul_line_direct_after_wizard__vul_line__direct,results\remote_mirror\C_autodl_rtxpro6000x8\experiments\runs\autodl_codellama34b_e1_gpu1_vul_line_direct_after_wizard__vul_line__direct\vul_line__direct\config.json,vul_line
experiment_configs/run_configs_bundle.jsonl,westd_codellama34b_e1_vul_line_prompt_vul_line_prompt,fdc836a72f7af0fd920cbfe1bdbf9d6a062732c25e784003ae890641d12f33b8,D_westd_rtxpro6000x1,prompt,codellama/CodeLlama-34b-hf,westd_codellama34b_e1_vul_line_prompt__vul_line__prompt,results\remote_mirror\D_westd_rtxpro6000x1\experiments\runs\westd_codellama34b_e1_vul_line_prompt__vul_line__prompt\vul_line__prompt\config.json,vul_line
experiment_configs/run_configs_bundle.jsonl,autodl_codellama34b_e1_gpu3_vul_line_qlora_split_vul_line_qlora,5a61efa781ba966ccb11819b44f908e911a96b3bae4114a8d1a589a078f27b9c,C_autodl_reattached,qlora,codellama/CodeLlama-34b-hf,autodl_codellama34b_e1_gpu3_vul_line_qlora_split__vul_line__qlora,results\remote_mirror\C_autodl_rtxpro6000x8\experiments\runs\autodl_codellama34b_e1_gpu3_vul_line_qlora_split__vul_line__qlora\vul_line__finetune\config.json,vul_line
experiment_configs/run_configs_bundle.jsonl,autodl_codellama34b_e1_gpu2_has_vul_vul_type_vul_type_direct,d88c3aac321f7f937083e8362410a3d91918c1d5a439efc3e226736086d003c8,C_autodl_rtxpro6000x8,direct,codellama/CodeLlama-34b-hf,autodl_codellama34b_e1_gpu2_has_vul_vul_type__vul_type__direct,results\remote_mirror\C_autodl_rtxpro6000x8\experiments\runs\autodl_codellama34b_e1_gpu2_has_vul_vul_type__vul_type__direct\vul_type__direct\config.json,vul_type
experiment_configs/run_configs_bundle.jsonl,autodl_codellama34b_e1_gpu2_has_vul_vul_type_vul_type_prompt,d299975b38e94caa9bcf996b8990bba0871520f82b1e7e659b611eaee417ce4e,C_autodl_rtxpro6000x8,prompt,codellama/CodeLlama-34b-hf,autodl_codellama34b_e1_gpu2_has_vul_vul_type__vul_type__prompt,results\remote_mirror\C_autodl_rtxpro6000x8\experiments\runs\autodl_codellama34b_e1_gpu2_has_vul_vul_type__vul_type__prompt\vul_type__prompt\config.json,vul_type
experiment_configs/run_configs_bundle.jsonl,autodl_codellama34b_e1_gpu2_has_vul_vul_type_vul_type_qlora,3dbdd0d865bc580bd7cdbb86796fbaf0bf7280af6180460502fd87781dbda19a,C_autodl_rtxpro6000x8,qlora,codellama/CodeLlama-34b-hf,autodl_codellama34b_e1_gpu2_has_vul_vul_type__vul_type__qlora,results\remote_mirror\C_autodl_rtxpro6000x8\experiments\runs\autodl_codellama34b_e1_gpu2_has_vul_vul_type__vul_type__qlora\vul_type__finetune\config.json,vul_type
experiment_configs/run_configs_bundle.jsonl,autodl_codellama_7b_e1_gpu4_retry_has_vul_direct,c251800e779825a12e7a85cfe19a6fbe4eaa0099e066fc174788bea1f45fdf7f,C_autodl_rtxpro6000x8,direct,codellama/CodeLlama-7b-hf,autodl_codellama_7b_e1_gpu4_retry__has_vul__direct,results\remote_mirror\C_autodl_rtxpro6000x8\experiments\runs\autodl_codellama_7b_e1_gpu4_retry__has_vul__direct\has_vul__direct\config.json,has_vul
experiment_configs/run_configs_bundle.jsonl,autodl_codellama_7b_e1_gpu4_retry_has_vul_prompt,69ec117d9d33a147a0a34bea8974ece9473a8777e5625881197228f62508d8b5,C_autodl_rtxpro6000x8,prompt,codellama/CodeLlama-7b-hf,autodl_codellama_7b_e1_gpu4_retry__has_vul__prompt,results\remote_mirror\C_autodl_rtxpro6000x8\experiments\runs\autodl_codellama_7b_e1_gpu4_retry__has_vul__prompt\has_vul__prompt\config.json,has_vul
experiment_configs/run_configs_bundle.jsonl,autodl_codellama_7b_e1_gpu4_retry_has_vul_qlora,405f0ac41231c0da3bf4e1de9bc79bcf9c2780d14b3c9fc2be2a1d3603ba3598,C_autodl_rtxpro6000x8,qlora,codellama/CodeLlama-7b-hf,autodl_codellama_7b_e1_gpu4_retry__has_vul__qlora,results\remote_mirror\C_autodl_rtxpro6000x8\experiments\runs\autodl_codellama_7b_e1_gpu4_retry__has_vul__qlora\has_vul__finetune\config.json,has_vul
experiment_configs/run_configs_bundle.jsonl,autodl_codellama_7b_e1_gpu4_retry_vul_line_direct,f853001d87ed4c70b5d430eb1d3fcc98279dc2a7d40b87772fbce172c926a867,C_autodl_rtxpro6000x8,direct,codellama/CodeLlama-7b-hf,autodl_codellama_7b_e1_gpu4_retry__vul_line__direct,results\remote_mirror\C_autodl_rtxpro6000x8\experiments\runs\autodl_codellama_7b_e1_gpu4_retry__vul_line__direct\vul_line__direct\config.json,vul_line
experiment_configs/run_configs_bundle.jsonl,westd_codellama7b_e1_vul_line_qlora_from_b_vul_line,89eefc128692ddbf7d7091297592fb6bd3e7a51609473250d08dcf583743328a,D_westd_rtxpro6000x1,qlora,codellama/CodeLlama-7b-hf,westd_codellama7b_e1_vul_line_qlora_from_b__vul_line,results\remote_mirror\D_westd_rtxpro6000x1\experiments__runs__westd_codellama7b_e1_vul_line_qlora_from_b__vul_line__qlora__CodeLlama7B_local__vul_line__finetune\config.json,vul_line
experiment_configs/run_configs_bundle.jsonl,machine_a_deepseekcoder13b_e1_has_vul_direct,ff0033c16c013c0427a572c25651f1dbc1b64ad036e883f29259861ff8642388,A_8.130.211.198,direct,deepseek-ai/deepseek-coder-1.3b-base,machine_a_deepseekcoder13b_e1__has_vul__direct,results\remote_mirror\A_8.130.211.198\experiments\runs\machine_a_deepseekcoder13b_e1__has_vul__direct\deepseek-ai_deepseek-coder-1.3b-base\has_vul__direct\config.json,has_vul
experiment_configs/run_configs_bundle.jsonl,machine_a_deepseekcoder13b_e1_has_vul_full,276b9ece42718647ced20b4e6f049f075b9f6451ad43dabc560598aa996f7e24,A_8.130.211.198,full,deepseek-ai/deepseek-coder-1.3b-base,machine_a_deepseekcoder13b_e1__has_vul__full,results\remote_mirror\A_8.130.211.198\experiments\runs\machine_a_deepseekcoder13b_e1__has_vul__full\deepseek-ai_deepseek-coder-1.3b-base\has_vul__finetune\config.json,has_vul
experiment_configs/run_configs_bundle.jsonl,machine_a_deepseekcoder13b_e1_has_vul_prompt,52f3d2f42329b86dd6eefb773b5d2dddbc4a0511c11978d43caa828e2b3fa439,A_8.130.211.198,prompt,deepseek-ai/deepseek-coder-1.3b-base,machine_a_deepseekcoder13b_e1__has_vul__prompt,results\remote_mirror\A_8.130.211.198\experiments\runs\machine_a_deepseekcoder13b_e1__has_vul__prompt\deepseek-ai_deepseek-coder-1.3b-base\has_vul__prompt\config.json,has_vul
experiment_configs/run_configs_bundle.jsonl,machine_a_deepseekcoder13b_e1_has_vul_qlora,3d3e274ce7ad7aef78414cb861b8f6bfd140c3127375e7dc240e898f74e6a85e,A_8.130.211.198,qlora,deepseek-ai/deepseek-coder-1.3b-base,machine_a_deepseekcoder13b_e1__has_vul__qlora,results\remote_mirror\A_8.130.211.198\experiments\runs\machine_a_deepseekcoder13b_e1__has_vul__qlora\deepseek-ai_deepseek-coder-1.3b-base\has_vul__finetune\config.json,has_vul
experiment_configs/run_configs_bundle.jsonl,machine_a_deepseekcoder13b_e1_vul_line_direct,f52dab25973e2a0db530a96ac0a0e32faf872a36a98671fd27928cad56863911,A_8.130.211.198,direct,deepseek-ai/deepseek-coder-1.3b-base,machine_a_deepseekcoder13b_e1__vul_line__direct,results\remote_mirror\A_8.130.211.198\experiments\runs\machine_a_deepseekcoder13b_e1__vul_line__direct\deepseek-ai_deepseek-coder-1.3b-base\vul_line__direct\config.json,vul_line
experiment_configs/run_configs_bundle.jsonl,machine_a_deepseekcoder13b_e1_vul_line_full,497bec7d77aeb15e76d098b543c55cd8ca245fcf519f1f0b7bf79cc2f1047228,A_8.130.211.198,full,deepseek-ai/deepseek-coder-1.3b-base,machine_a_deepseekcoder13b_e1__vul_line__full,results\remote_mirror\A_8.130.211.198\experiments\runs\machine_a_deepseekcoder13b_e1__vul_line__full\deepseek-ai_deepseek-coder-1.3b-base\vul_line__finetune\config.json,vul_line
experiment_configs/run_configs_bundle.jsonl,machine_a_deepseekcoder13b_e1_vul_line_prompt,c56ed579b16ca4eaed6ef08f4516dc50fb3406b218ac56ced9471f212e6025ed,A_8.130.211.198,prompt,deepseek-ai/deepseek-coder-1.3b-base,machine_a_deepseekcoder13b_e1__vul_line__prompt,results\remote_mirror\A_8.130.211.198\experiments\runs\machine_a_deepseekcoder13b_e1__vul_line__prompt\deepseek-ai_deepseek-coder-1.3b-base\vul_line__prompt\config.json,vul_line
experiment_configs/run_configs_bundle.jsonl,machine_a_deepseekcoder13b_e1_vul_line_qlora,3dd46cf199aa05a9597d32a6611a63ede2ebd9e994a6576e3289b22c1e6b4383,A_8.130.211.198,qlora,deepseek-ai/deepseek-coder-1.3b-base,machine_a_deepseekcoder13b_e1__vul_line__qlora,results\remote_mirror\A_8.130.211.198\experiments\runs\machine_a_deepseekcoder13b_e1__vul_line__qlora\deepseek-ai_deepseek-coder-1.3b-base\vul_line__finetune\config.json,vul_line
experiment_configs/run_configs_bundle.jsonl,machine_a_deepseekcoder13b_e1_vul_type_direct,a18a089b63a973a9fe116a9db57c16e5eb6e885ac43970223464edd2580535f4,A_8.130.211.198,direct,deepseek-ai/deepseek-coder-1.3b-base,machine_a_deepseekcoder13b_e1__vul_type__direct,results\remote_mirror\A_8.130.211.198\experiments\runs\machine_a_deepseekcoder13b_e1__vul_type__direct\deepseek-ai_deepseek-coder-1.3b-base\vul_type__direct\config.json,vul_type
experiment_configs/run_configs_bundle.jsonl,machine_a_deepseekcoder13b_e1_vul_type_full,4a4d8b96ea519b02ed9587f3e66227fd9095f8de33a734a94db40daf069d434d,A_8.130.211.198,full,deepseek-ai/deepseek-coder-1.3b-base,machine_a_deepseekcoder13b_e1__vul_type__full,results\remote_mirror\A_8.130.211.198\experiments\runs\machine_a_deepseekcoder13b_e1__vul_type__full\deepseek-ai_deepseek-coder-1.3b-base\vul_type__finetune\config.json,vul_type
experiment_configs/run_configs_bundle.jsonl,machine_a_deepseekcoder13b_e1_vul_type_prompt,8a39a4ffe76c27fdfc7137474a49d26892576b46b9477dcfd49cde372ecf7a9f,A_8.130.211.198,prompt,deepseek-ai/deepseek-coder-1.3b-base,machine_a_deepseekcoder13b_e1__vul_type__prompt,results\remote_mirror\A_8.130.211.198\experiments\runs\machine_a_deepseekcoder13b_e1__vul_type__prompt\deepseek-ai_deepseek-coder-1.3b-base\vul_type__prompt\config.json,vul_type
experiment_configs/run_configs_bundle.jsonl,machine_a_deepseekcoder13b_e1_vul_type_qlora,1d3c9af752a039c3eb9b794496177b5bc9fb83ad2645fd169210c61bccb7360b,A_8.130.211.198,qlora,deepseek-ai/deepseek-coder-1.3b-base,machine_a_deepseekcoder13b_e1__vul_type__qlora,results\remote_mirror\A_8.130.211.198\experiments\runs\machine_a_deepseekcoder13b_e1__vul_type__qlora\deepseek-ai_deepseek-coder-1.3b-base\vul_type__finetune\config.json,vul_type
experiment_configs/run_configs_bundle.jsonl,autodl_deepseekcoder33b_e1_has_vul_direct,79e231310f26c6a4e8fb01cdedf4e12ba30bebcb209f541bab7420fc879e4a38,C_autodl_rtxpro6000x8,direct,deepseek-ai/deepseek-coder-33b-base,autodl_deepseekcoder33b_e1__has_vul__direct,results\remote_mirror\C_autodl_rtxpro6000x8\experiments\runs\autodl_deepseekcoder33b_e1__has_vul__direct\has_vul__direct\config.json,has_vul
experiment_configs/run_configs_bundle.jsonl,autodl_deepseekcoder33b_e1_has_vul_qlora,a70fdd4aaae62f2db72cfca0a3b23d185de710eee53041604a235676057fdee3,C_autodl_rtxpro6000x8,qlora,deepseek-ai/deepseek-coder-33b-base,autodl_deepseekcoder33b_e1__has_vul__qlora,results\remote_mirror\C_autodl_rtxpro6000x8\experiments\runs\autodl_deepseekcoder33b_e1__has_vul__qlora\has_vul__finetune\config.json,has_vul
experiment_configs/run_configs_bundle.jsonl,autodl_deepseekcoder33b_e1_vul_line_direct,7c6b699de17c7cbdbb3c5071e7850a83c144ccefa9f5cd031f42b3f13e84b006,C_autodl_reattached,direct,deepseek-ai/deepseek-coder-33b-base,autodl_deepseekcoder33b_e1__vul_line__direct,results\remote_mirror\C_autodl_rtxpro6000x8\experiments\runs\autodl_deepseekcoder33b_e1__vul_line__direct\vul_line__direct\config.json,vul_line
experiment_configs/run_configs_bundle.jsonl,autodl_deepseekcoder33b_e1_gpu5_vul_line_prompt_split_vul_line_prompt,76e65e1f7e14a16f78f9adc19785db4fc3d8bce6b224321168075f44c0266db3,C_autodl_reattached,prompt,deepseek-ai/deepseek-coder-33b-base,autodl_deepseekcoder33b_e1_gpu5_vul_line_prompt_split__vul_line__prompt,results\remote_mirror\C_autodl_reattached\experiments\runs\autodl_deepseekcoder33b_e1_gpu5_vul_line_prompt_split__vul_line__prompt\deepseek-coder-33b-base\vul_line__prompt\config.json,vul_line
experiment_configs/run_configs_bundle.jsonl,autodl_deepseekcoder33b_e1_gpu2_vul_line_qlora_split_vul_line_qlora,8586e679ad7734e365416b75f66577d5d6ac6fc09f75d57d9fa50f85efdb7166,C_autodl_reattached,qlora,deepseek-ai/deepseek-coder-33b-base,autodl_deepseekcoder33b_e1_gpu2_vul_line_qlora_split__vul_line__qlora,results\remote_mirror\C_autodl_rtxpro6000x8\experiments\runs\autodl_deepseekcoder33b_e1_gpu2_vul_line_qlora_split__vul_line__qlora\vul_line__finetune\config.json,vul_line
experiment_configs/run_configs_bundle.jsonl,autodl_deepseekcoder33b_e1_vul_type_direct,94e60bc84de85ae23688c1a4c954ab1512a4f9fa4b1a66a65619dec7cfb14f42,C_autodl_rtxpro6000x8,direct,deepseek-ai/deepseek-coder-33b-base,autodl_deepseekcoder33b_e1__vul_type__direct,results\remote_mirror\C_autodl_rtxpro6000x8\experiments\runs\autodl_deepseekcoder33b_e1__vul_type__direct\vul_type__direct\config.json,vul_type
experiment_configs/run_configs_bundle.jsonl,autodl_deepseekcoder33b_e1_vul_type_prompt,ffa362bcd02867a32b599abed79af7b173e2db67ed20d00a02cf5f25bd8718d8,C_autodl_rtxpro6000x8,prompt,deepseek-ai/deepseek-coder-33b-base,autodl_deepseekcoder33b_e1__vul_type__prompt,results\remote_mirror\C_autodl_rtxpro6000x8\experiments\runs\autodl_deepseekcoder33b_e1__vul_type__prompt\vul_type__prompt\config.json,vul_type
experiment_configs/run_configs_bundle.jsonl,autodl_deepseekcoder33b_e1_vul_type_qlora,83c4ef385e49b63bf59eb06b652bdcf2147bf7bab6493b2047408f7b61ee7f0a,C_autodl_rtxpro6000x8,qlora,deepseek-ai/deepseek-coder-33b-base,autodl_deepseekcoder33b_e1__vul_type__qlora,results\remote_mirror\C_autodl_rtxpro6000x8\experiments\runs\autodl_deepseekcoder33b_e1__vul_type__qlora\vul_type__finetune\config.json,vul_type
experiment_configs/run_configs_bundle.jsonl,autodl_deepseekcoder67b_e1_has_vul_direct,9e69119027b94a92d2b8e8091299f7880d5fe3bb3059e82556bec3de83ccdeca,C_autodl_rtxpro6000x8,direct,deepseek-ai/deepseek-coder-6.7b-base,autodl_deepseekcoder67b_e1__has_vul__direct,results\remote_mirror\C_autodl_rtxpro6000x8\experiments\runs\autodl_deepseekcoder67b_e1__has_vul__direct\has_vul__direct\config.json,has_vul
experiment_configs/run_configs_bundle.jsonl,autodl_deepseekcoder67b_e1_has_vul_prompt,bff4f772b8b937789b89e4c3a8d4dab8be375b66b4c42dfb645208a88335bd9a,C_autodl_rtxpro6000x8,prompt,deepseek-ai/deepseek-coder-6.7b-base,autodl_deepseekcoder67b_e1__has_vul__prompt,results\remote_mirror\C_autodl_rtxpro6000x8\experiments\runs\autodl_deepseekcoder67b_e1__has_vul__prompt\has_vul__prompt\config.json,has_vul
experiment_configs/run_configs_bundle.jsonl,autodl_deepseekcoder67b_e1_has_vul_qlora,e4c5016c2b9e7ec076fefcef1a14e92c7bca6253b0cdeb17d29f8db64df8e0b9,C_autodl_rtxpro6000x8,qlora,deepseek-ai/deepseek-coder-6.7b-base,autodl_deepseekcoder67b_e1__has_vul__qlora,results\remote_mirror\C_autodl_rtxpro6000x8\experiments\runs\autodl_deepseekcoder67b_e1__has_vul__qlora\has_vul__finetune\config.json,has_vul
experiment_configs/run_configs_bundle.jsonl,autodl_deepseekcoder67b_e1_vul_line_direct,50c0479cd47bbad75a693200079033cee84cd4d79262c3f791c62f5e33670f1e,C_autodl_rtxpro6000x8,direct,deepseek-ai/deepseek-coder-6.7b-base,autodl_deepseekcoder67b_e1__vul_line__direct,results\remote_mirror\C_autodl_rtxpro6000x8\experiments\runs\autodl_deepseekcoder67b_e1__vul_line__direct\vul_line__direct\config.json,vul_line
experiment_configs/run_configs_bundle.jsonl,autodl_deepseekcoder67b_e1_vul_line_prompt,f04993e02c9b1c6f09df98aafc7eac8f2198736e2fa00baa002602e506abc5fa,C_autodl_rtxpro6000x8,prompt,deepseek-ai/deepseek-coder-6.7b-base,autodl_deepseekcoder67b_e1__vul_line__prompt,results\remote_mirror\C_autodl_rtxpro6000x8\experiments\runs\autodl_deepseekcoder67b_e1__vul_line__prompt\vul_line__prompt\config.json,vul_line
experiment_configs/run_configs_bundle.jsonl,autodl_deepseekcoder67b_e1_vul_line_qlora,31934a9a958c051c918f43cb71c4cd543ef256fb9b0f1ffa6805f56615aeab2f,C_autodl_rtxpro6000x8,qlora,deepseek-ai/deepseek-coder-6.7b-base,autodl_deepseekcoder67b_e1__vul_line__qlora,results\remote_mirror\C_autodl_rtxpro6000x8\experiments\runs\autodl_deepseekcoder67b_e1__vul_line__qlora\vul_line__finetune\config.json,vul_line
experiment_configs/run_configs_bundle.jsonl,autodl_deepseekcoder67b_e1_vul_type_direct,b05fcd32f14acbd1b1abb1af95cbd8e9a577af2bd7104cccbe133c471b099461,C_autodl_rtxpro6000x8,direct,deepseek-ai/deepseek-coder-6.7b-base,autodl_deepseekcoder67b_e1__vul_type__direct,results\remote_mirror\C_autodl_rtxpro6000x8\experiments\runs\autodl_deepseekcoder67b_e1__vul_type__direct\vul_type__direct\config.json,vul_type
experiment_configs/run_configs_bundle.jsonl,autodl_deepseekcoder67b_e1_vul_type_prompt,4cb98ee2a3dcd69e5906aeb62a32a61f6a07e7be81157129a78ab47e1d5695cd,C_autodl_rtxpro6000x8,prompt,deepseek-ai/deepseek-coder-6.7b-base,autodl_deepseekcoder67b_e1__vul_type__prompt,results\remote_mirror\C_autodl_rtxpro6000x8\experiments\runs\autodl_deepseekcoder67b_e1__vul_type__prompt\vul_type__prompt\config.json,vul_type
experiment_configs/run_configs_bundle.jsonl,autodl_deepseekcoder67b_e1_vul_type_qlora,559b63eb45f85f73a7e075bc9d253747c0eb6f12c13d69f9a6d85f22f1bc9a52,C_autodl_rtxpro6000x8,qlora,deepseek-ai/deepseek-coder-6.7b-base,autodl_deepseekcoder67b_e1__vul_type__qlora,results\remote_mirror\C_autodl_rtxpro6000x8\experiments\runs\autodl_deepseekcoder67b_e1__vul_type__qlora\vul_type__finetune\config.json,vul_type
experiment_configs/run_configs_bundle.jsonl,machine_a_codegemma2b_e1_has_vul_direct,ebd51171967cbafcc468ef58b22a1efb29564b0a003a24dd748a024d2f90d8f4,A_8.130.211.198,direct,google/codegemma-2b,machine_a_codegemma2b_e1__has_vul__direct,results\remote_mirror\A_8.130.211.198\experiments\runs\machine_a_codegemma2b_e1__has_vul__direct\google_codegemma-2b\has_vul__direct\config.json,has_vul
experiment_configs/run_configs_bundle.jsonl,autodl_codegemma_2b_e1_gpu4_retry_has_vul_full,5a67da91f0773d5323644f02eaf2623e1cfb487c8b2b5f61751db7414745abe3,C_autodl_rtxpro6000x8,full,google/codegemma-2b,autodl_codegemma_2b_e1_gpu4_retry__has_vul__full,results\remote_mirror\C_autodl_rtxpro6000x8\experiments\runs\autodl_codegemma_2b_e1_gpu4_retry__has_vul__full\has_vul__finetune\config.json,has_vul
experiment_configs/run_configs_bundle.jsonl,machine_a_codegemma2b_e1_has_vul_prompt,80c13583c2edff572acab729b5c44e35a4ab7d526c22c6167cf1e1e2b68f2c1d,A_8.130.211.198,prompt,google/codegemma-2b,machine_a_codegemma2b_e1__has_vul__prompt,results\remote_mirror\A_8.130.211.198\experiments\runs\machine_a_codegemma2b_e1__has_vul__prompt\google_codegemma-2b\has_vul__prompt\config.json,has_vul
experiment_configs/run_configs_bundle.jsonl,autodl_codegemma_2b_e1_gpu4_retry_has_vul_qlora,b1864a6d342ea71f54b141b7e9f1c876156071aae4040942bd5a7db748d32cf2,C_autodl_rtxpro6000x8,qlora,google/codegemma-2b,autodl_codegemma_2b_e1_gpu4_retry__has_vul__qlora,results\remote_mirror\C_autodl_rtxpro6000x8\experiments\runs\autodl_codegemma_2b_e1_gpu4_retry__has_vul__qlora\has_vul__finetune\config.json,has_vul
experiment_configs/run_configs_bundle.jsonl,autodl_codegemma_2b_e1_gpu4_retry_vul_line_direct,39f70e39ecea893387edab7c75bf78d9bd97d4277378f806954aae5ef877dded,C_autodl_rtxpro6000x8,direct,google/codegemma-2b,autodl_codegemma_2b_e1_gpu4_retry__vul_line__direct,results\remote_mirror\C_autodl_rtxpro6000x8\experiments\runs\autodl_codegemma_2b_e1_gpu4_retry__vul_line__direct\vul_line__direct\config.json,vul_line
experiment_configs/run_configs_bundle.jsonl,autodl_codegemma_2b_e1_gpu4_retry_vul_line_full,c776d25ce6c945cef7dcc47c0f64f179e173009b55b5c834948fa3208b2423c0,C_autodl_rtxpro6000x8,full,google/codegemma-2b,autodl_codegemma_2b_e1_gpu4_retry__vul_line__full,results\remote_mirror\C_autodl_rtxpro6000x8\experiments\runs\autodl_codegemma_2b_e1_gpu4_retry__vul_line__full\vul_line__finetune\config.json,vul_line
experiment_configs/run_configs_bundle.jsonl,autodl_codegemma_2b_e1_gpu4_retry_vul_line_qlora,4c1250412c139393cf7287f9711c01b00b1dc5fc7f8212de089964a0bd0f2cb8,C_autodl_rtxpro6000x8,qlora,google/codegemma-2b,autodl_codegemma_2b_e1_gpu4_retry__vul_line__qlora,results\remote_mirror\C_autodl_rtxpro6000x8\experiments\runs\autodl_codegemma_2b_e1_gpu4_retry__vul_line__qlora\vul_line__finetune\config.json,vul_line
experiment_configs/run_configs_bundle.jsonl,autodl_codegemma_2b_e1_gpu4_retry_vul_type_direct,518b74566e63b771e0fab464f2e0797a75e693b12c054c34ee55661882e74f4e,C_autodl_rtxpro6000x8,direct,google/codegemma-2b,autodl_codegemma_2b_e1_gpu4_retry__vul_type__direct,results\remote_mirror\C_autodl_rtxpro6000x8\experiments\runs\autodl_codegemma_2b_e1_gpu4_retry__vul_type__direct\vul_type__direct\config.json,vul_type
experiment_configs/run_configs_bundle.jsonl,autodl_codegemma_2b_e1_gpu4_retry_vul_type_full,49abcd88d87e1cfbb54952d5b2b648756186f82d7bb1f8b2298be59f19ab4b79,C_autodl_rtxpro6000x8,full,google/codegemma-2b,autodl_codegemma_2b_e1_gpu4_retry__vul_type__full,results\remote_mirror\C_autodl_rtxpro6000x8\experiments\runs\autodl_codegemma_2b_e1_gpu4_retry__vul_type__full\vul_type__finetune\config.json,vul_type
experiment_configs/run_configs_bundle.jsonl,autodl_codegemma_2b_e1_gpu4_retry_vul_type_prompt,c26ac75aca974e0a91b57d39731bd7aa58781c5b7d81d6bed596225fc22f4595,C_autodl_rtxpro6000x8,prompt,google/codegemma-2b,autodl_codegemma_2b_e1_gpu4_retry__vul_type__prompt,results\remote_mirror\C_autodl_rtxpro6000x8\experiments\runs\autodl_codegemma_2b_e1_gpu4_retry__vul_type__prompt\vul_type__prompt\config.json,vul_type
experiment_configs/run_configs_bundle.jsonl,autodl_codegemma_2b_e1_gpu4_retry_vul_type_qlora,a8bd48b34c8f4c286129a809642b04bede4954e81db9445aa5010fe23fa7a8d6,C_autodl_rtxpro6000x8,qlora,google/codegemma-2b,autodl_codegemma_2b_e1_gpu4_retry__vul_type__qlora,results\remote_mirror\C_autodl_rtxpro6000x8\experiments\runs\autodl_codegemma_2b_e1_gpu4_retry__vul_type__qlora\vul_type__finetune\config.json,vul_type
experiment_configs/run_configs_bundle.jsonl,autodl_codegemma_7b_e1_gpu5_clean_has_vul_direct,85d7da47e6dc044dbd26cc26224a5b90aeaec8b7371a574ad97afa13e2a5d998,C_autodl_rtxpro6000x8,direct,google/codegemma-7b,autodl_codegemma_7b_e1_gpu5_clean__has_vul__direct,results\remote_mirror\C_autodl_rtxpro6000x8\experiments\runs\autodl_codegemma_7b_e1_gpu5_clean__has_vul__direct\has_vul__direct\config.json,has_vul
experiment_configs/run_configs_bundle.jsonl,autodl_codegemma_7b_e1_gpu5_clean_has_vul_prompt,ff5ac10bd4ed7e7816b4465a202a5a6178f5ac5192bd857e2c88e50264a19ddc,C_autodl_rtxpro6000x8,prompt,google/codegemma-7b,autodl_codegemma_7b_e1_gpu5_clean__has_vul__prompt,results\remote_mirror\C_autodl_rtxpro6000x8\experiments\runs\autodl_codegemma_7b_e1_gpu5_clean__has_vul__prompt\has_vul__prompt\config.json,has_vul
experiment_configs/run_configs_bundle.jsonl,autodl_codegemma_7b_e1_gpu5_clean_has_vul_qlora,24cf642f7bba89b77b6bdd22af27e4a5f6edbf84d780cf11c427c5c9bc4a5f9b,C_autodl_rtxpro6000x8,qlora,google/codegemma-7b,autodl_codegemma_7b_e1_gpu5_clean__has_vul__qlora,results\remote_mirror\C_autodl_rtxpro6000x8\experiments\runs\autodl_codegemma_7b_e1_gpu5_clean__has_vul__qlora\has_vul__finetune\config.json,has_vul
experiment_configs/run_configs_bundle.jsonl,autodl_codegemma_7b_e1_gpu5_clean_vul_line_direct,63ec7030ba35291c057d730f09c49c97945465b22b75a2387077a96df55582e0,C_autodl_rtxpro6000x8,direct,google/codegemma-7b,autodl_codegemma_7b_e1_gpu5_clean__vul_line__direct,results\remote_mirror\C_autodl_rtxpro6000x8\experiments\runs\autodl_codegemma_7b_e1_gpu5_clean__vul_line__direct\vul_line__direct\config.json,vul_line
experiment_configs/run_configs_bundle.jsonl,autodl_codegemma_7b_e1_gpu5_clean_vul_line_prompt,6ffb98ac52d7096cb3ccf524936639d2727976187d2e1e7c7396d57a22368b86,C_autodl_rtxpro6000x8,prompt,google/codegemma-7b,autodl_codegemma_7b_e1_gpu5_clean__vul_line__prompt,results\remote_mirror\C_autodl_rtxpro6000x8\experiments\runs\autodl_codegemma_7b_e1_gpu5_clean__vul_line__prompt\vul_line__prompt\config.json,vul_line
experiment_configs/run_configs_bundle.jsonl,autodl_granite_20b_code_base_e1_has_vul_direct,28f690842408dbd87653436015318a4d76b36f7781caf614f017ffb7299d4c08,C_autodl_rtxpro6000x8,direct,ibm-granite/granite-20b-code-base,autodl_granite_20b_code_base_e1__has_vul__direct,results\remote_mirror\C_autodl_rtxpro6000x8\experiments\runs\autodl_granite_20b_code_base_e1__has_vul__direct\has_vul__direct\config.json,has_vul
experiment_configs/run_configs_bundle.jsonl,autodl_granite_20b_code_base_e1_has_vul_prompt,ef83be838146e01e35c8c6814dd787f03046e7a6ef1ec7a154b72cd4274b4f76,C_autodl_rtxpro6000x8,prompt,ibm-granite/granite-20b-code-base,autodl_granite_20b_code_base_e1__has_vul__prompt,results\remote_mirror\C_autodl_rtxpro6000x8\experiments\runs\autodl_granite_20b_code_base_e1__has_vul__prompt\has_vul__prompt\config.json,has_vul
experiment_configs/run_configs_bundle.jsonl,autodl_granite_20b_code_base_e1_has_vul_qlora,4486b9217f7ee46caaa06bf7f64bec6730fccd50da4cc4a505925d1b9d184902,C_autodl_rtxpro6000x8,qlora,ibm-granite/granite-20b-code-base,autodl_granite_20b_code_base_e1__has_vul__qlora,results\remote_mirror\C_autodl_rtxpro6000x8\experiments\runs\autodl_granite_20b_code_base_e1__has_vul__qlora\has_vul__finetune\config.json,has_vul
experiment_configs/run_configs_bundle.jsonl,autodl_granite_20b_code_base_e1_vul_line_direct,15312a7746d62e4b0602a1b86308e0017b7d2c9d5294ef8841d53afb41b59312,C_autodl_rtxpro6000x8,direct,ibm-granite/granite-20b-code-base,autodl_granite_20b_code_base_e1__vul_line__direct,results\remote_mirror\C_autodl_rtxpro6000x8\experiments\runs\autodl_granite_20b_code_base_e1__vul_line__direct\vul_line__direct\config.json,vul_line
experiment_configs/run_configs_bundle.jsonl,autodl_granite_20b_code_base_e1_vul_line_prompt,838d6ff7222e41bb1b98767fc8fbacdaaca091db1eafc85de7007440c490fc94,C_autodl_rtxpro6000x8,prompt,ibm-granite/granite-20b-code-base,autodl_granite_20b_code_base_e1__vul_line__prompt,results\remote_mirror\C_autodl_rtxpro6000x8\experiments\runs\autodl_granite_20b_code_base_e1__vul_line__prompt\vul_line__prompt\config.json,vul_line
experiment_configs/run_configs_bundle.jsonl,autodl_granite_20b_code_base_e1_vul_line_qlora,dac416f3d20a638eb5e8ce6bbb9ad98ca58c0c0386b4ae801dd02a31c164cb49,C_autodl_rtxpro6000x8,qlora,ibm-granite/granite-20b-code-base,autodl_granite_20b_code_base_e1__vul_line__qlora,results\remote_mirror\C_autodl_rtxpro6000x8\experiments\runs\autodl_granite_20b_code_base_e1__vul_line__qlora\vul_line__finetune\config.json,vul_line
experiment_configs/run_configs_bundle.jsonl,autodl_granite_20b_code_base_e1_vul_type_direct,95c76a313e4f1a304cfa5eccff30b77f38d476bf3728969571f31b2c068c6d8c,C_autodl_rtxpro6000x8,direct,ibm-granite/granite-20b-code-base,autodl_granite_20b_code_base_e1__vul_type__direct,results\remote_mirror\C_autodl_rtxpro6000x8\experiments\runs\autodl_granite_20b_code_base_e1__vul_type__direct\vul_type__direct\config.json,vul_type
experiment_configs/run_configs_bundle.jsonl,autodl_granite_20b_code_base_e1_vul_type_prompt,9c79f00f44786e28eef425d3f18b18f31fb0cf1a82eb81313738385045a336e1,C_autodl_rtxpro6000x8,prompt,ibm-granite/granite-20b-code-base,autodl_granite_20b_code_base_e1__vul_type__prompt,results\remote_mirror\C_autodl_rtxpro6000x8\experiments\runs\autodl_granite_20b_code_base_e1__vul_type__prompt\vul_type__prompt\config.json,vul_type
experiment_configs/run_configs_bundle.jsonl,autodl_granite_20b_code_base_e1_vul_type_qlora,f7d67644b2f6790612fb7affb05bcfa138c22ec1878dd365d185b4e7a5030545,C_autodl_rtxpro6000x8,qlora,ibm-granite/granite-20b-code-base,autodl_granite_20b_code_base_e1__vul_type__qlora,results\remote_mirror\C_autodl_rtxpro6000x8\experiments\runs\autodl_granite_20b_code_base_e1__vul_type__qlora\vul_type__finetune\config.json,vul_type
experiment_configs/run_configs_bundle.jsonl,autodl_granite_3b_code_base_e1_has_vul_direct,f9b15e7b51e53b62785febdcf531ab52eeba587f579068d6ca1dd7884ba894fa,C_autodl_rtxpro6000x8,direct,ibm-granite/granite-3b-code-base,autodl_granite_3b_code_base_e1__has_vul__direct,results\remote_mirror\C_autodl_rtxpro6000x8\experiments\runs\autodl_granite_3b_code_base_e1__has_vul__direct\has_vul__direct\config.json,has_vul
experiment_configs/run_configs_bundle.jsonl,autodl_granite_3b_code_base_e1_has_vul_full,ef73311706f5677f5738e11ae552a85e7360caca72c3b0c3f98cdcd6fca23453,C_autodl_rtxpro6000x8,full,ibm-granite/granite-3b-code-base,autodl_granite_3b_code_base_e1__has_vul__full,results\remote_mirror\C_autodl_rtxpro6000x8\experiments\runs\autodl_granite_3b_code_base_e1__has_vul__full\has_vul__finetune\config.json,has_vul
experiment_configs/run_configs_bundle.jsonl,autodl_granite_3b_code_base_e1_has_vul_prompt,30a3932d02c1b36157437d70d4ad3c8a03b4f56c8d25cdb85d2566160c86e606,C_autodl_rtxpro6000x8,prompt,ibm-granite/granite-3b-code-base,autodl_granite_3b_code_base_e1__has_vul__prompt,results\remote_mirror\C_autodl_rtxpro6000x8\experiments\runs\autodl_granite_3b_code_base_e1__has_vul__prompt\has_vul__prompt\config.json,has_vul
experiment_configs/run_configs_bundle.jsonl,autodl_granite_3b_code_base_e1_has_vul_qlora,a7c989e8153ce64db0df688ff5fbc8e36427fa4885ac5f500954d779beed6353,C_autodl_rtxpro6000x8,qlora,ibm-granite/granite-3b-code-base,autodl_granite_3b_code_base_e1__has_vul__qlora,results\remote_mirror\C_autodl_rtxpro6000x8\experiments\runs\autodl_granite_3b_code_base_e1__has_vul__qlora\has_vul__finetune\config.json,has_vul
experiment_configs/run_configs_bundle.jsonl,autodl_granite_3b_code_base_e1_vul_line_direct,acbe12d44bf8fdd50b370977a3b99c2d2377baf18a059310a083716ff6209a05,C_autodl_rtxpro6000x8,direct,ibm-granite/granite-3b-code-base,autodl_granite_3b_code_base_e1__vul_line__direct,results\remote_mirror\C_autodl_rtxpro6000x8\experiments\runs\autodl_granite_3b_code_base_e1__vul_line__direct\vul_line__direct\config.json,vul_line
experiment_configs/run_configs_bundle.jsonl,autodl_granite_3b_code_base_e1_vul_line_full,2f4fef4df061ff25024d8919bd7f3aa49720447bc25cbe03e0b6c7b33eec8985,C_autodl_rtxpro6000x8,full,ibm-granite/granite-3b-code-base,autodl_granite_3b_code_base_e1__vul_line__full,results\remote_mirror\C_autodl_rtxpro6000x8\experiments\runs\autodl_granite_3b_code_base_e1__vul_line__full\vul_line__finetune\config.json,vul_line
experiment_configs/run_configs_bundle.jsonl,autodl_granite_3b_code_base_e1_vul_line_prompt,eca3473c70933c9c365fea238b2434ad0d3cf13af602fe0c8d650a42fe7965b7,C_autodl_rtxpro6000x8,prompt,ibm-granite/granite-3b-code-base,autodl_granite_3b_code_base_e1__vul_line__prompt,results\remote_mirror\C_autodl_rtxpro6000x8\experiments\runs\autodl_granite_3b_code_base_e1__vul_line__prompt\vul_line__prompt\config.json,vul_line
experiment_configs/run_configs_bundle.jsonl,autodl_granite_3b_code_base_e1_vul_line_qlora,21f4eea81b9ab9e18a66806d317e5fe5ac787c09ddd55e90ab710ccd18ac7d8a,C_autodl_rtxpro6000x8,qlora,ibm-granite/granite-3b-code-base,autodl_granite_3b_code_base_e1__vul_line__qlora,results\remote_mirror\C_autodl_rtxpro6000x8\experiments\runs\autodl_granite_3b_code_base_e1__vul_line__qlora\vul_line__finetune\config.json,vul_line
experiment_configs/run_configs_bundle.jsonl,autodl_granite_3b_code_base_e1_vul_type_direct,447b2e82523a05d1463807e71f407c6b88a1374cf299cc2e5a8a2fd76fc73f78,C_autodl_rtxpro6000x8,direct,ibm-granite/granite-3b-code-base,autodl_granite_3b_code_base_e1__vul_type__direct,results\remote_mirror\C_autodl_rtxpro6000x8\experiments\runs\autodl_granite_3b_code_base_e1__vul_type__direct\vul_type__direct\config.json,vul_type
experiment_configs/run_configs_bundle.jsonl,autodl_granite_3b_code_base_e1_vul_type_full,de1f1d8676b1d1d023117a8939c544ca4968968f9ddabc194935d37e2fa5a46e,C_autodl_rtxpro6000x8,full,ibm-granite/granite-3b-code-base,autodl_granite_3b_code_base_e1__vul_type__full,results\remote_mirror\C_autodl_rtxpro6000x8\experiments\runs\autodl_granite_3b_code_base_e1__vul_type__full\vul_type__finetune\config.json,vul_type
experiment_configs/run_configs_bundle.jsonl,autodl_granite_3b_code_base_e1_vul_type_prompt,50e77ee9e59cab98e81631605c9b38a036adac9fc4fa3cc38f83d8b075d8a832,C_autodl_rtxpro6000x8,prompt,ibm-granite/granite-3b-code-base,autodl_granite_3b_code_base_e1__vul_type__prompt,results\remote_mirror\C_autodl_rtxpro6000x8\experiments\runs\autodl_granite_3b_code_base_e1__vul_type__prompt\vul_type__prompt\config.json,vul_type
experiment_configs/run_configs_bundle.jsonl,autodl_granite_3b_code_base_e1_vul_type_qlora,f66ab1f5ffc657067e499567f72b683a681459ead035c8b7580769ffaec4f371,C_autodl_rtxpro6000x8,qlora,ibm-granite/granite-3b-code-base,autodl_granite_3b_code_base_e1__vul_type__qlora,results\remote_mirror\C_autodl_rtxpro6000x8\experiments\runs\autodl_granite_3b_code_base_e1__vul_type__qlora\vul_type__finetune\config.json,vul_type
experiment_configs/run_configs_bundle.jsonl,autodl_granite_8b_code_base_e1_has_vul_direct,bd6f58e6071db2c3535797e4bfb8ac8a47af013e30bde2f697b6889912cbfe82,C_autodl_rtxpro6000x8,direct,ibm-granite/granite-8b-code-base,autodl_granite_8b_code_base_e1__has_vul__direct,results\remote_mirror\C_autodl_rtxpro6000x8\experiments\runs\autodl_granite_8b_code_base_e1__has_vul__direct\has_vul__direct\config.json,has_vul
experiment_configs/run_configs_bundle.jsonl,autodl_granite_8b_code_base_e1_has_vul_prompt,930ca3881f9468508fd991c69710a113e9d308ecce8d3fa1448ada0bece2bc14,C_autodl_rtxpro6000x8,prompt,ibm-granite/granite-8b-code-base,autodl_granite_8b_code_base_e1__has_vul__prompt,results\remote_mirror\C_autodl_rtxpro6000x8\experiments\runs\autodl_granite_8b_code_base_e1__has_vul__prompt\has_vul__prompt\config.json,has_vul
experiment_configs/run_configs_bundle.jsonl,autodl_granite_8b_code_base_e1_has_vul_qlora,3d42bf911e33547440db3e6718c91c4269a157ed86ce9df04cf0c7d27599c304,C_autodl_rtxpro6000x8,qlora,ibm-granite/granite-8b-code-base,autodl_granite_8b_code_base_e1__has_vul__qlora,results\remote_mirror\C_autodl_rtxpro6000x8\experiments\runs\autodl_granite_8b_code_base_e1__has_vul__qlora\has_vul__finetune\config.json,has_vul
experiment_configs/run_configs_bundle.jsonl,autodl_granite_8b_code_base_e1_vul_line_direct,45f1256e2c7220dbb60d86a84d5f4b2d6591f22127799a73b722bb21c9be9121,C_autodl_rtxpro6000x8,direct,ibm-granite/granite-8b-code-base,autodl_granite_8b_code_base_e1__vul_line__direct,results\remote_mirror\C_autodl_rtxpro6000x8\experiments\runs\autodl_granite_8b_code_base_e1__vul_line__direct\vul_line__direct\config.json,vul_line
experiment_configs/run_configs_bundle.jsonl,autodl_granite_8b_code_base_e1_vul_line_prompt,810329acaaec7ff99162122aad12f6854a3406c522c250ffd5d37b0592c95fbc,C_autodl_rtxpro6000x8,prompt,ibm-granite/granite-8b-code-base,autodl_granite_8b_code_base_e1__vul_line__prompt,results\remote_mirror\C_autodl_rtxpro6000x8\experiments\runs\autodl_granite_8b_code_base_e1__vul_line__prompt\vul_line__prompt\config.json,vul_line
experiment_configs/run_configs_bundle.jsonl,autodl_granite_8b_code_base_e1_vul_line_qlora,24d3b27c5eeadd059d89ca736bb93a31a34b2fad5a0c381db5f89d83db863c3a,C_autodl_rtxpro6000x8,qlora,ibm-granite/granite-8b-code-base,autodl_granite_8b_code_base_e1__vul_line__qlora,results\remote_mirror\C_autodl_rtxpro6000x8\experiments\runs\autodl_granite_8b_code_base_e1__vul_line__qlora\vul_line__finetune\config.json,vul_line
experiment_configs/run_configs_bundle.jsonl,autodl_granite_8b_code_base_e1_vul_type_direct,8e52a0b17a297a9ca46039621b1fe34c906e1cb0bee1f9b5b77d246caeadb048,C_autodl_rtxpro6000x8,direct,ibm-granite/granite-8b-code-base,autodl_granite_8b_code_base_e1__vul_type__direct,results\remote_mirror\C_autodl_rtxpro6000x8\experiments\runs\autodl_granite_8b_code_base_e1__vul_type__direct\vul_type__direct\config.json,vul_type
experiment_configs/run_configs_bundle.jsonl,autodl_granite_8b_code_base_e1_vul_type_prompt,fe0a038fd7da18886fa39d41dba522168afc84b7a1cd4afb26418a5ac92f13e5,C_autodl_rtxpro6000x8,prompt,ibm-granite/granite-8b-code-base,autodl_granite_8b_code_base_e1__vul_type__prompt,results\remote_mirror\C_autodl_rtxpro6000x8\experiments\runs\autodl_granite_8b_code_base_e1__vul_type__prompt\vul_type__prompt\config.json,vul_type
experiment_configs/run_configs_bundle.jsonl,autodl_granite_8b_code_base_e1_vul_type_qlora,30c6c5aa7099d53eabbd52fd9b6925bd1c9a2aada676b5e023dd3d51167429e9,C_autodl_rtxpro6000x8,qlora,ibm-granite/granite-8b-code-base,autodl_granite_8b_code_base_e1__vul_type__qlora,results\remote_mirror\C_autodl_rtxpro6000x8\experiments\runs\autodl_granite_8b_code_base_e1__vul_type__qlora\vul_type__finetune\config.json,vul_type
experiment_configs/run_configs_bundle.jsonl,machine_b_codebert_base_full_e1_has_vul_full,0d95e7512b6fff8f4a930d5357ecccfa39aaffa07b1a90fe2ead5a62a6975851,B_39.105.139.36,full,microsoft/codebert-base,machine_b_codebert_base_full_e1__has_vul__full,results\remote_mirror\B_39.105.139.36\experiments\runs\machine_b_codebert_base_full_e1__has_vul__full\microsoft_codebert-base\has_vul__finetune\config.json,has_vul
experiment_configs/run_configs_bundle.jsonl,machine_b_codebert_base_full_e1_vul_line_full,8b403279aa76e8f4a9996ccf32b22bd98eed5e04c661e43c04bdbabdf2796ed6,B_39.105.139.36,full,microsoft/codebert-base,machine_b_codebert_base_full_e1__vul_line__full,results\remote_mirror\B_39.105.139.36\experiments\runs\machine_b_codebert_base_full_e1__vul_line__full\microsoft_codebert-base\vul_line__finetune\config.json,vul_line
experiment_configs/run_configs_bundle.jsonl,machine_b_codebert_base_full_e1_vul_line_full,8b403279aa76e8f4a9996ccf32b22bd98eed5e04c661e43c04bdbabdf2796ed6,B_39.105.139.36,full,microsoft/codebert-base,machine_b_codebert_base_full_e1__vul_line__full,results\remote_mirror\B_39.105.139.36\experiments\runs\machine_b_codebert_base_full_e1__vul_line__full\microsoft_codebert-base\vul_line__finetune\config.json,vul_line
experiment_configs/run_configs_bundle.jsonl,machine_b_codebert_base_full_e1_vul_type_full,477054664dadcfa6d3ba3d37778c5521fc28b979aaecdbcc8dc97bea5509795f,B_39.105.139.36,full,microsoft/codebert-base,machine_b_codebert_base_full_e1__vul_type__full,results\remote_mirror\B_39.105.139.36\experiments\runs\machine_b_codebert_base_full_e1__vul_type__full\microsoft_codebert-base\vul_type__finetune\config.json,vul_type
experiment_configs/run_configs_bundle.jsonl,machine_b_codebert_base_full_e1_vul_type_full,477054664dadcfa6d3ba3d37778c5521fc28b979aaecdbcc8dc97bea5509795f,B_39.105.139.36,full,microsoft/codebert-base,machine_b_codebert_base_full_e1__vul_type__full,results\remote_mirror\B_39.105.139.36\experiments\runs\machine_b_codebert_base_full_e1__vul_type__full\microsoft_codebert-base\vul_type__finetune\config.json,vul_type
experiment_configs/run_configs_bundle.jsonl,machine_b_graphcodebert_base_full_e1_has_vul_full,f0efb1dca22ad24492729f60e8fc701079d9a5aefadbe4187356cd52c05bea58,B_39.105.139.36,full,microsoft/graphcodebert-base,machine_b_graphcodebert_base_full_e1__has_vul__full,results\remote_mirror\B_39.105.139.36\experiments\runs\machine_b_graphcodebert_base_full_e1__has_vul__full\microsoft_graphcodebert-base\has_vul__finetune\config.json,has_vul
experiment_configs/run_configs_bundle.jsonl,machine_b_graphcodebert_base_full_e1_vul_line_full,7889eb8f4e16076587ebad67e74080fefafb9a884e36580c66bb379627cdd1a3,B_39.105.139.36,full,microsoft/graphcodebert-base,machine_b_graphcodebert_base_full_e1__vul_line__full,results\remote_mirror\B_39.105.139.36\experiments\runs\machine_b_graphcodebert_base_full_e1__vul_line__full\microsoft_graphcodebert-base\vul_line__finetune\config.json,vul_line
experiment_configs/run_configs_bundle.jsonl,machine_b_graphcodebert_base_full_e1_vul_line_full,7889eb8f4e16076587ebad67e74080fefafb9a884e36580c66bb379627cdd1a3,B_39.105.139.36,full,microsoft/graphcodebert-base,machine_b_graphcodebert_base_full_e1__vul_line__full,results\remote_mirror\B_39.105.139.36\experiments\runs\machine_b_graphcodebert_base_full_e1__vul_line__full\microsoft_graphcodebert-base\vul_line__finetune\config.json,vul_line
experiment_configs/run_configs_bundle.jsonl,machine_b_graphcodebert_base_full_e1_vul_type_full,31fa5260ab92361335cc981fafb5d2e19d3e4f52f5026484c952f4b3e7b00ba6,B_39.105.139.36,full,microsoft/graphcodebert-base,machine_b_graphcodebert_base_full_e1__vul_type__full,results\remote_mirror\B_39.105.139.36\experiments\runs\machine_b_graphcodebert_base_full_e1__vul_type__full\microsoft_graphcodebert-base\vul_type__finetune\config.json,vul_type
experiment_configs/run_configs_bundle.jsonl,machine_b_graphcodebert_base_full_e1_vul_type_full,31fa5260ab92361335cc981fafb5d2e19d3e4f52f5026484c952f4b3e7b00ba6,B_39.105.139.36,full,microsoft/graphcodebert-base,machine_b_graphcodebert_base_full_e1__vul_type__full,results\remote_mirror\B_39.105.139.36\experiments\runs\machine_b_graphcodebert_base_full_e1__vul_type__full\microsoft_graphcodebert-base\vul_type__finetune\config.json,vul_type
experiment_configs/run_configs_bundle.jsonl,machine_b_unixcoder_base_full_e1_has_vul_full,965e5f2fb5b9c17ca45ea41db818a7b5487e1b4d82df5e1be200aad1b3dcf358,B_39.105.139.36,full,microsoft/unixcoder-base,machine_b_unixcoder_base_full_e1__has_vul__full,results\remote_mirror\B_39.105.139.36\experiments\runs\machine_b_unixcoder_base_full_e1__has_vul__full\microsoft_unixcoder-base\has_vul__finetune\config.json,has_vul
experiment_configs/run_configs_bundle.jsonl,machine_b_unixcoder_base_full_e1_vul_line_full,86071d647c1049568156a496cf016ed6839919b740e3be7a36ae2fc6a7882b6a,B_39.105.139.36,full,microsoft/unixcoder-base,machine_b_unixcoder_base_full_e1__vul_line__full,results\remote_mirror\B_39.105.139.36\experiments\runs\machine_b_unixcoder_base_full_e1__vul_line__full\microsoft_unixcoder-base\vul_line__finetune\config.json,vul_line
experiment_configs/run_configs_bundle.jsonl,machine_b_unixcoder_base_full_e1_vul_type_full,b24ed3792766a56d2fe4adf6d1eef5477f8544835af488693455a8ff4a98754a,B_39.105.139.36,full,microsoft/unixcoder-base,machine_b_unixcoder_base_full_e1__vul_type__full,results\remote_mirror\B_39.105.139.36\experiments\runs\machine_b_unixcoder_base_full_e1__vul_type__full\microsoft_unixcoder-base\vul_type__finetune\config.json,vul_type
